Oyuncu,Takim,Pozisyon,Uyruk
Fernando Muslera,Galatasaray,Kaleci,Uruguay
Günay Güvenç,Galatasaray,Kaleci,Türkiye
Batuhan Şen,Galatasaray,Kaleci,Türkiye
Jankat Yılmaz,Galatasaray,Kaleci,Türkiye
Atakan Ordu,Galatasaray,Kaleci,Türkiye
Davinson Sánchez,Galatasaray,Stoper,Kolombiya
Victor Nelsson,Galatasaray,Stoper,Danimarka
Abdülkerim Bardakcı,Galatasaray,Stoper,Türkiye
Emin Bayram,Galatasaray,Stoper,Türkiye
Ali Yeşilyurt,Galatasaray,Stoper,Türkiye
Angeliño,Galatasaray,Sol Bek,İspanya
Derrick Köhn,Galatasaray,Sol Bek,Gana
Kazımcan Karataş,Galatasaray,Sol Bek,Türkiye
Sacha Boey,Galatasaray,Sağ Bek,Fransa
Serge Aurier,Galatasaray,Sağ Bek,Fildişi Sahili
Léo Dubois,Galatasaray,Sağ Bek,Fransa
Ali Turap Bülbül,Galatasaray,Sağ Bek,Türkiye
Lucas Torreira,Galatasaray,Ön Libero,Uruguay
Kaan Ayhan,Galatasaray,Ön Libero,Türkiye
Eyüp Aydın,Galatasaray,Ön Libero,Türkiye
Efe Akman,Galatasaray,Ön Libero,Türkiye
Baran Aksaka,Galatasaray,Ön Libero,Türkiye
Tanguy Ndombélé,Galatasaray,Merkez Orta Saha,Fransa
Kerem Demirbay,Galatasaray,Merkez Orta Saha,Almanya
Berkan Kutlu,Galatasaray,Merkez Orta Saha,Türkiye
Sérgio Oliveira,Galatasaray,Merkez Orta Saha,Portekiz
Fredrik Midtsjø,Galatasaray,Merkez Orta Saha,Norveç
Hamza Akman,Galatasaray,Merkez Orta Saha,Türkiye
Gökdeniz Gürpüz,Galatasaray,On Numara,Türkiye
Barış Alper Yılmaz,Galatasaray,Sol Kanat,Türkiye
Kerem Aktürkoğlu,Galatasaray,Sol Kanat,Türkiye
Wilfried Zaha,Galatasaray,Sol Kanat,Fildişi Sahili
Emre Kılınç,Galatasaray,Sol Kanat,Türkiye
Baran Demiroğlu,Galatasaray,Sol Kanat,Türkiye
Caner Doğan,Galatasaray,Sol Kanat,Türkiye
Tetê,Galatasaray,Sağ Kanat,Brezilya
Hakim Ziyech,Galatasaray,Sağ Kanat,Fas
Yunus Akgün,Galatasaray,Sağ Kanat,Türkiye
Olimpiu Moruțan,Galatasaray,Sağ Kanat,Romanya
Yusuf Demir,Galatasaray,Sağ Kanat,Avusturya
Nicolò Zaniolo,Galatasaray,Forvet Arkası,İtalya
Dries Mertens,Galatasaray,Forvet Arkası,Belçika
Mauro Icardi,Galatasaray,Santrafor,Arjantin
Carlos Vinícius,Galatasaray,Santrafor,Brezilya
Cédric Bakambu,Galatasaray,Santrafor,Kongo DC
Halil Dervişoğlu,Galatasaray,Santrafor,Türkiye
Dominik Livakovic,Fenerbahçe,Kaleci,Hırvatistan
Altay Bayındır,Fenerbahçe,Kaleci,Türkiye
İrfan Can Eğribayat,Fenerbahçe,Kaleci,Türkiye
Furkan Akyüz,Fenerbahçe,Kaleci,Türkiye
Doğukan Demir,Fenerbahçe,Kaleci,Türkiye
Ömer Bircan Camcı,Fenerbahçe,Kaleci,Türkiye
Jayden Oosterwolde,Fenerbahçe,Stoper,Hollanda
Çağlar Söyüncü,Fenerbahçe,Stoper,Türkiye
Alexander Djiku,Fenerbahçe,Stoper,Gana
Rodrigo Becão,Fenerbahçe,Stoper,Brezilya
Samet Akaydin,Fenerbahçe,Stoper,Türkiye
Luan Peres,Fenerbahçe,Stoper,Brezilya
Emir Ortakaya,Fenerbahçe,Stoper,Türkiye
Leonardo Bonucci,Fenerbahçe,Stoper,İtalya
Serdar Aziz,Fenerbahçe,Stoper,Türkiye
Yusuf Kocatürk,Fenerbahçe,Stoper,Türkiye
Yusuf Akçiçek,Fenerbahçe,Stoper,Türkiye
Yiğit Epözdemir,Fenerbahçe,Stoper,Türkiye
Mehmet Can Gülerer,Fenerbahçe,Stoper,Türkiye
Ümitcan Okan,Fenerbahçe,Stoper,Türkiye
Ferdi Kadıoğlu,Fenerbahçe,Sol Bek,Türkiye
Ahmet Necat Aydın,Fenerbahçe,Sol Bek,Türkiye
Bright Osayi-Samuel,Fenerbahçe,Sağ Bek,Nijerya
Mert Müldür,Fenerbahçe,Sağ Bek,Türkiye
Mustafa Akyıldız,Fenerbahçe,Sağ Bek,Türkiye
İsmail Yüksek,Fenerbahçe,Ön Libero,Türkiye
Rade Krunic,Fenerbahçe,Ön Libero,Bosna-Hersek
Bartuğ Elmaz,Fenerbahçe,Ön Libero,Türkiye
Fred,Fenerbahçe,Merkez Orta Saha,Brezilya
Miguel Crespo,Fenerbahçe,Merkez Orta Saha,Portekiz
Miha Zajc,Fenerbahçe,Merkez Orta Saha,Slovenya
Muhammet İmre,Fenerbahçe,Merkez Orta Saha,Türkiye
Samet Sargın,Fenerbahçe,Merkez Orta Saha,Türkiye
Efekan Karayazi,Fenerbahçe,Merkez Orta Saha,Avusturya
Zeki Dursun,Fenerbahçe,Merkez Orta Saha,Türkiye
Sebastian Szymanski,Fenerbahçe,On Numara,Polonya
Lincoln,Fenerbahçe,On Numara,Brezilya
Mert Hakan Yandaş,Fenerbahçe,On Numara,Türkiye
Ryan Kent,Fenerbahçe,Sol Kanat,İngiltere
Bora Aydınlık,Fenerbahçe,Sol Kanat,Türkiye
Kaan Akyazı,Fenerbahçe,Sol Kanat,Türkiye
Cengiz Ünder,Fenerbahçe,Sağ Kanat,Türkiye
İrfan Can Kahveci,Fenerbahçe,Sağ Kanat,Türkiye
Dušan Tadić,Fenerbahçe,Sağ Kanat,Sırbistan
Emre Mor,Fenerbahçe,Sağ Kanat,Türkiye
Burak Kapacak,Fenerbahçe,Sağ Kanat,Türkiye
Emirhan Arkutcu,Fenerbahçe,Sağ Kanat,Türkiye
Michy Batshuayi,Fenerbahçe,Santrafor,Belçika
Edin Dzeko,Fenerbahçe,Santrafor,Bosna-Hersek
Joshua King,Fenerbahçe,Santrafor,Norveç
Umut Nayir,Fenerbahçe,Santrafor,Türkiye
Serdar Dursun,Fenerbahçe,Santrafor,Türkiye
Çağrı Fedai,Fenerbahçe,Santrafor,Türkiye
Kerem Kayaarası,Fenerbahçe,Santrafor,Türkiye
Görkem Demirel,Fenerbahçe,Santrafor,Türkiye
Ersin Destanoğlu,Beşiktaş,Kaleci,Türkiye
Mert Günok,Beşiktaş,Kaleci,Türkiye
Emir Yaşar,Beşiktaş,Kaleci,Türkiye
Göktuğ Baytekin,Beşiktaş,Kaleci,Türkiye
Utku Yuvakuran,Beşiktaş,Kaleci,Türkiye
Joe Worrall,Beşiktaş,Stoper,İngiltere
Daniel Amartey,Beşiktaş,Stoper,Gana
Omar Colley,Beşiktaş,Stoper,Gambiya
Tayyip Talha Sanuç,Beşiktaş,Stoper,Türkiye
Eric Bailly,Beşiktaş,Stoper,Fildişi Sahili
Javi Montero,Beşiktaş,Stoper,İspanya
Emrecan Uzunhan,Beşiktaş,Stoper,Türkiye
Aytuğ Kömeç,Beşiktaş,Stoper,Türkiye
Bakhtiyor Zaynutdinov,Beşiktaş,Sol Bek,Kazakistan
Arthur Masuaku,Beşiktaş,Sol Bek,Kongo DC
Umut Meraş,Beşiktaş,Sol Bek,Türkiye
Emrecan Terzi,Beşiktaş,Sol Bek,Türkiye
Valentin Rosier,Beşiktaş,Sağ Bek,Fransa
Onur Bulut,Beşiktaş,Sağ Bek,Türkiye
Jonas Svensson,Beşiktaş,Sağ Bek,Norveç
Moatasem Al-Musrati,Beşiktaş,Ön Libero,Libya
Amir Hadziahmetovic,Beşiktaş,Ön Libero,Bosna-Hersek
Jean Onana,Beşiktaş,Ön Libero,Kamerun
Kartal Yılmaz,Beşiktaş,Ön Libero,Türkiye
Demir Ege Tıknaz,Beşiktaş,Ön Libero,Türkiye
Necip Uysal,Beşiktaş,Ön Libero,Türkiye
Berkay Vardar,Beşiktaş,Ön Libero,Türkiye
Gökhan Inler,Beşiktaş,Ön Libero,İsviçre
Gedson Fernandes,Beşiktaş,Merkez Orta Saha,Portekiz
Alex Oxlade-Chamberlain,Beşiktaş,Merkez Orta Saha,İngiltere
Salih Uçan,Beşiktaş,Merkez Orta Saha,Türkiye
Kerem Atakan Kesgin,Beşiktaş,Merkez Orta Saha,Türkiye
Tayfur Bingöl,Beşiktaş,Merkez Orta Saha,Türkiye
Fahri Ay,Beşiktaş,Merkez Orta Saha,Türkiye
Ernest Muci,Beşiktaş,On Numara,Arnavutluk
Abdülmecid Dönmez,Beşiktaş,On Numara,Türkiye
Ante Rebić,Beşiktaş,Sol Kanat,Hırvatistan
Emrecan Bulut,Beşiktaş,Sol Kanat,Türkiye
Oğuzhan Akgün,Beşiktaş,Sol Kanat,Türkiye
Arda Kılıç,Beşiktaş,Sol Kanat,Türkiye
Azad Demir,Beşiktaş,Sol Kanat,Türkiye
Milot Rashica,Beşiktaş,Sağ Kanat,Kosova
Rachid Ghezzal,Beşiktaş,Sağ Kanat,Cezayir
Emirhan Delibaş,Beşiktaş,Sağ Kanat,Türkiye
Semih Kılıçsoy,Beşiktaş,Santrafor,Türkiye
Jackson Muleka,Beşiktaş,Santrafor,Kongo DC
Vincent Aboubakar,Beşiktaş,Santrafor,Kamerun
Cenk Tosun,Beşiktaş,Santrafor,Türkiye
Mustafa Hekimoğlu,Beşiktaş,Santrafor,Türkiye
Thibaut Courtois,Real Madrid,Kaleci,Belçika
Andriy Lunin,Real Madrid,Kaleci,Ukrayna
Kepa Arrizabalaga,Real Madrid,Kaleci,İspanya
Lucas Cañizares,Real Madrid,Kaleci,İspanya
Mario de Luis,Real Madrid,Kaleci,İspanya
Diego Piñeiro,Real Madrid,Kaleci,İspanya
Fran González,Real Madrid,Kaleci,İspanya
Éder Militão,Real Madrid,Stoper,Brezilya
Antonio Rüdiger,Real Madrid,Stoper,Almanya
David Alaba,Real Madrid,Stoper,Avusturya
Nacho Fernández,Real Madrid,Stoper,İspanya
Álvaro Carrillo,Real Madrid,Stoper,İspanya
Edgar Pujol,Real Madrid,Stoper,Dominik Cumhuriyeti
Jacobo Ramón,Real Madrid,Stoper,İspanya
Ferland Mendy,Real Madrid,Sol Bek,Fransa
Fran García,Real Madrid,Sol Bek,İspanya
Daniel Carvajal,Real Madrid,Sağ Bek,İspanya
Lucas Vázquez,Real Madrid,Sağ Bek,İspanya
Vinícius Tobias,Real Madrid,Sağ Bek,Brezilya
Álvaro Odriozola,Real Madrid,Sağ Bek,İspanya
Aurélien Tchouaméni,Real Madrid,Ön Libero,Fransa
Mario Martín,Real Madrid,Ön Libero,İspanya
Federico Valverde,Real Madrid,Merkez Orta Saha,Uruguay
Eduardo Camavinga,Real Madrid,Merkez Orta Saha,Fransa
Toni Kroos,Real Madrid,Merkez Orta Saha,Almanya
Luka Modrić,Real Madrid,Merkez Orta Saha,Hırvatistan
Dani Ceballos,Real Madrid,Merkez Orta Saha,İspanya
Théo Zidane,Real Madrid,Merkez Orta Saha,Fransa
Jude Bellingham,Real Madrid,On Numara,İngiltere
Arda Güler,Real Madrid,On Numara,Türkiye
Nico Paz,Real Madrid,On Numara,Arjantin
Vinicius Junior,Real Madrid,Sol Kanat,Brezilya
Rodrygo,Real Madrid,Sağ Kanat,Brezilya
Brahim Díaz,Real Madrid,Sağ Kanat,Fas
Joselu,Real Madrid,Santrafor,İspanya
Álvaro Rodríguez,Real Madrid,Santrafor,Uruguay
Gonzalo García,Real Madrid,Santrafor,İspanya
Marc-André ter Stegen,Barcelona,Kaleci,Almanya
Iñaki Peña,Barcelona,Kaleci,İspanya
Ander Astralaga,Barcelona,Kaleci,İspanya
Diego Kochen,Barcelona,Kaleci,Amerika Birleşik Devletleri
Áron Yaakobishvili,Barcelona,Kaleci,Macaristan
Ronald Araujo,Barcelona,Stoper,Uruguay
Andreas Christensen,Barcelona,Stoper,Danimarka
Pau Cubarsí,Barcelona,Stoper,İspanya
Eric García,Barcelona,Stoper,İspanya
Mikayil Faye,Barcelona,Stoper,Senegal
Iñigo Martínez,Barcelona,Stoper,İspanya
Marcos Alonso,Barcelona,Stoper,İspanya
Alejandro Balde,Barcelona,Sol Bek,İspanya
Jules Koundé,Barcelona,Sağ Bek,Fransa
João Cancelo,Barcelona,Sağ Bek,Portekiz
Héctor Fort,Barcelona,Sağ Bek,İspanya
Marc Casadó,Barcelona,Ön Libero,İspanya
Oriol Romeu,Barcelona,Ön Libero,İspanya
Pau Prim,Barcelona,Ön Libero,İspanya
Gavi,Barcelona,Merkez Orta Saha,İspanya
Pedri,Barcelona,Merkez Orta Saha,İspanya
Frenkie de Jong,Barcelona,Merkez Orta Saha,Hollanda
İlkay Gündoğan,Barcelona,Merkez Orta Saha,Almanya
Sergi Roberto,Barcelona,Merkez Orta Saha,İspanya
Unai Hernández,Barcelona,Merkez Orta Saha,İspanya
Aleix Garrido,Barcelona,Merkez Orta Saha,İspanya
Fermín López,Barcelona,On Numara,İspanya
Raphinha,Barcelona,Sol Kanat,Brezilya
Ansu Fati,Barcelona,Sol Kanat,İspanya
Abde Ezzalzouli,Barcelona,Sol Kanat,Fas
Ángel Alarcón,Barcelona,Sol Kanat,İspanya
Lamine Yamal,Barcelona,Sağ Kanat,İspanya
João Félix,Barcelona,Forvet Arkası,Portekiz
Ferran Torres,Barcelona,Santrafor,İspanya
Vitor Roque,Barcelona,Santrafor,Brezilya
Robert Lewandowski,Barcelona,Santrafor,Polonya
Marc Guiu,Barcelona,Santrafor,İspanya
Pau Víctor,Barcelona,Santrafor,İspanya
Yann Sommer,Inter,Kaleci,İsviçre
Emil Audero,Inter,Kaleci,Endonezya
Raffaele Di Gennaro,Inter,Kaleci,İtalya
Alessandro Calligaris,Inter,Kaleci,İtalya
Alessandro Bastoni,Inter,Stoper,İtalya
Benjamin Pavard,Inter,Stoper,Fransa
Yann Bisseck,Inter,Stoper,Almanya
Stefan de Vrij,Inter,Stoper,Hollanda
Francesco Acerbi,Inter,Stoper,İtalya
Giacomo Stabile,Inter,Stoper,İtalya
Federico Dimarco,Inter,Sol Bek,İtalya
Carlos Augusto,Inter,Sol Bek,Brezilya
Matteo Motta,Inter,Sol Bek,İtalya
Denzel Dumfries,Inter,Sağ Bek,Hollanda
Matteo Darmian,Inter,Sağ Bek,İtalya
Hakan Çalhanoğlu,Inter,Ön Libero,Türkiye
Kristjan Asllani,Inter,Ön Libero,Arnavutluk
Lucien Agoumé,Inter,Ön Libero,Fransa
Aleksandar Stanković,Inter,Ön Libero,Sırbistan
Nicolò Barella,Inter,Merkez Orta Saha,İtalya
Davide Frattesi,Inter,Merkez Orta Saha,İtalya
Henrikh Mkhitaryan,Inter,Merkez Orta Saha,Ermenistan
Davy Klaassen,Inter,Merkez Orta Saha,Hollanda
Stefano Sensi,Inter,Merkez Orta Saha,İtalya
Ebenezer Akinsanmiro,Inter,Merkez Orta Saha,Nijerya
Issiaka Kamate,Inter,Merkez Orta Saha,Fransa
Juan Cuadrado,Inter,Orta Saha Sağ,Kolombiya
Tommaso Guercio,Inter,Orta Saha Sağ,Polonya
Tajon Buchanan,Inter,Sağ Kanat,Kanada
Joaquín Correa,Inter,Forvet Arkası,Arjantin
Alexis Sánchez,Inter,Forvet Arkası,Şili
Lautaro Martínez,Inter,Santrafor,Arjantin
Marcus Thuram,Inter,Santrafor,Fransa
Marko Arnautovic,Inter,Santrafor,Avusturya
Amadou Sarr,Inter,Santrafor,Senegal
Robert Sánchez,Chelsea,Kaleci,İspanya
Djordje Petrovic,Chelsea,Kaleci,Sırbistan
Marcus Bettinelli,Chelsea,Kaleci,İngiltere
Lucas Bergström,Chelsea,Kaleci,Finlandiya
Teddy Sharman-Lowe,Chelsea,Kaleci,İngiltere
Eddie Beach,Chelsea,Kaleci,Galler
Max Merrick,Chelsea,Kaleci,İngiltere
Ted Curd,Chelsea,Kaleci,İngiltere
Levi Colwill,Chelsea,Stoper,İngiltere
Axel Disasi,Chelsea,Stoper,Fransa
Benoît Badiashile,Chelsea,Stoper,Fransa
Wesley Fofana,Chelsea,Stoper,Fransa
Trevoh Chalobah,Chelsea,Stoper,İngiltere
Bashir Humphreys,Chelsea,Stoper,İngiltere
Malang Sarr,Chelsea,Stoper,Fransa
Thiago Silva,Chelsea,Stoper,Brezilya
Josh Brooking,Chelsea,Stoper,İngiltere
Harrison Murray-Campbell,Chelsea,Stoper,İngiltere
Billy Gee,Chelsea,Stoper,İngiltere
Ian Maatsen,Chelsea,Sol Bek,Hollanda
Ben Chilwell,Chelsea,Sol Bek,İngiltere
Marc Cucurella,Chelsea,Sol Bek,İspanya
Ishé Samuels-Smith,Chelsea,Sol Bek,İngiltere
Zak Sturge,Chelsea,Sol Bek,İngiltere
Dylan Williams,Chelsea,Sol Bek,İngiltere
Reece James,Chelsea,Sağ Bek,İngiltere
Malo Gusto,Chelsea,Sağ Bek,Fransa
Alfie Gilchrist,Chelsea,Sağ Bek,İngiltere
Josh Acheampong,Chelsea,Sağ Bek,İngiltere
Moisés Caicedo,Chelsea,Ön Libero,Ekvador
Roméo Lavia,Chelsea,Ön Libero,Belçika
Lesley Ugochukwu,Chelsea,Ön Libero,Fransa
Ollie Harrison,Chelsea,Ön Libero,İngiltere
Enzo Fernández,Chelsea,Merkez Orta Saha,Arjantin
Conor Gallagher,Chelsea,Merkez Orta Saha,İngiltere
Andrey Santos,Chelsea,Merkez Orta Saha,Brezilya
Carney Chukwuemeka,Chelsea,Merkez Orta Saha,Avusturya
Cesare Casadei,Chelsea,Merkez Orta Saha,İtalya
Alex Matos,Chelsea,Merkez Orta Saha,İngiltere
Michael Golding,Chelsea,Merkez Orta Saha,İngiltere
Jimi Tauriainen,Chelsea,Merkez Orta Saha,Finlandiya
Kiano Dyer,Chelsea,Merkez Orta Saha,İngiltere
Diego Moreira,Chelsea,Orta Saha Sol,Belçika
Cole Palmer,Chelsea,On Numara,İngiltere
Leo Castledine,Chelsea,On Numara,İngiltere
Mykhaylo Mudryk,Chelsea,Sol Kanat,Ukrayna
Tyrique George,Chelsea,Sol Kanat,İngiltere
Raheem Sterling,Chelsea,Sağ Kanat,İngiltere
Noni Madueke,Chelsea,Sağ Kanat,İngiltere
Christopher Nkunku,Chelsea,Santrafor,Fransa
Nicolas Jackson,Chelsea,Santrafor,Senegal
Armando Broja,Chelsea,Santrafor,Arnavutluk
David Datro Fofana,Chelsea,Santrafor,Fildişi Sahili
Deivid Washington,Chelsea,Santrafor,Brezilya
Mason Burstow,Chelsea,Santrafor,İngiltere
Ronnie Stutter,Chelsea,Santrafor,İngiltere
André Onana,Manchester United,Kaleci,Kamerun
Dean Henderson,Manchester United,Kaleci,İngiltere
Altay Bayındır,Manchester United,Kaleci,Türkiye
Radek Vítek,Manchester United,Kaleci,Çek Cumhuriyeti
Tom Heaton,Manchester United,Kaleci,İngiltere
Dermot Mee,Manchester United,Kaleci,Kuzey İrlanda
Lisandro Martínez,Manchester United,Stoper,Arjantin
Raphaël Varane,Manchester United,Stoper,Fransa
Harry Maguire,Manchester United,Stoper,İngiltere
Victor Lindelöf,Manchester United,Stoper,İsveç
Willy Kambwala,Manchester United,Stoper,Fransa
Jonny Evans,Manchester United,Stoper,Kuzey İrlanda
Rhys Bennett,Manchester United,Stoper,İngiltere
Louis Jackson,Manchester United,Stoper,İskoçya
Luke Shaw,Manchester United,Sol Bek,İngiltere
Tyrell Malacia,Manchester United,Sol Bek,Hollanda
Sergio Reguilón,Manchester United,Sol Bek,İspanya
Álvaro Carreras,Manchester United,Sol Bek,İspanya
Brandon Williams,Manchester United,Sol Bek,İngiltere
Harry Amass,Manchester United,Sol Bek,İngiltere
Diogo Dalot,Manchester United,Sağ Bek,Portekiz
Aaron Wan-Bissaka,Manchester United,Sağ Bek,Kongo DC
Habeeb Ogunneye,Manchester United,Sağ Bek,İngiltere
Sofyan Amrabat,Manchester United,Ön Libero,Fas
Casemiro,Manchester United,Ön Libero,Brezilya
Toby Collyer,Manchester United,Ön Libero,İngiltere
Kobbie Mainoo,Manchester United,Merkez Orta Saha,İngiltere
Scott McTominay,Manchester United,Merkez Orta Saha,İskoçya
Donny van de Beek,Manchester United,Merkez Orta Saha,Hollanda
Dan Gore,Manchester United,Merkez Orta Saha,İngiltere
Bruno Fernandes,Manchester United,On Numara,Portekiz
Mason Mount,Manchester United,On Numara,İngiltere
Hannibal,Manchester United,On Numara,Tunus
Christian Eriksen,Manchester United,On Numara,Danimarka
Marcus Rashford,Manchester United,Sol Kanat,İngiltere
Alejandro Garnacho,Manchester United,Sol Kanat,Arjantin
Jadon Sancho,Manchester United,Sol Kanat,İngiltere
Shola Shoretire,Manchester United,Sol Kanat,İngiltere
Antony,Manchester United,Sağ Kanat,Brezilya
Amad Diallo,Manchester United,Sağ Kanat,Fildişi Sahili
Facundo Pellistri,Manchester United,Sağ Kanat,Uruguay
Omari Forson,Manchester United,Sağ Kanat,İngiltere
Rasmus Højlund,Manchester United,Santrafor,Danimarka
Anthony Martial,Manchester United,Santrafor,Fransa
Joe Hugill,Manchester United,Santrafor,İngiltere
Ethan Wheatley,Manchester United,Santrafor,İngiltere
