OyuncuID,Oyuncu,Takim,Sezon,Pozisyon,Uyruk
4137,Ian Walker,Tottenham,1990,Kaleci,İngiltere
97270,Erik Thorstvedt,Tottenham,1990,Kaleci,Norveç
3268,Gudni Bergsson,Tottenham,1990,Stoper,İzlanda
109493,Gary Mabbutt,Tottenham,1990,Stoper,İngiltere
117191,Terry Fenwick,Tottenham,1990,Stoper,İngiltere
104106,Chris Hughton,Tottenham,1990,Sol Bek,İrlanda
3830,Paul Gascoigne,Tottenham,1990,On Numara,İngiltere
22256,Gary Lineker,Tottenham,1990,Santrafor,İngiltere
4137,Ian Walker,Tottenham,1991,Kaleci,İngiltere
97270,Erik Thorstvedt,Tottenham,1991,Kaleci,Norveç
3268,Gudni Bergsson,Tottenham,1991,Stoper,İzlanda
109493,Gary Mabbutt,Tottenham,1991,Stoper,İngiltere
117191,Terry Fenwick,Tottenham,1991,Stoper,İngiltere
222742,Steve Sedgley,Tottenham,1991,Stoper,İngiltere
104903,Justin Edinburgh,Tottenham,1991,Sol Bek,İngiltere
177254,Pat Van Den Hauwe,Tottenham,1991,Sol Bek,Galler
365940,Scott Houghton,Tottenham,1991,Orta Saha,İngiltere
7711,Vinny Samways,Tottenham,1991,Merkez Orta Saha,İngiltere
109492,David Howells,Tottenham,1991,Merkez Orta Saha,İngiltere
184495,Nayim,Tottenham,1991,Merkez Orta Saha,İspanya
222253,Paul Allen,Tottenham,1991,Merkez Orta Saha,İngiltere
3830,Paul Gascoigne,Tottenham,1991,On Numara,İngiltere
229830,Paul Moran,Tottenham,1991,Sağ Kanat,İngiltere
22256,Gary Lineker,Tottenham,1991,Santrafor,İngiltere
101129,Gordon Durie,Tottenham,1991,Santrafor,İskoçya
145778,Paul Stewart,Tottenham,1991,Santrafor,İngiltere
202797,Paul Walsh,Tottenham,1991,Santrafor,İngiltere
4137,Ian Walker,Tottenham,1992,Kaleci,İngiltere
97270,Erik Thorstvedt,Tottenham,1992,Kaleci,Norveç
238049,Kevin Dearden,Tottenham,1992,Kaleci,İngiltere
71885,Paul Moran,Tottenham,1992,Defans,Amerika Birleşik Devletleri
3198,Sol Campbell,Tottenham,1992,Stoper,İngiltere
3268,Gudni Bergsson,Tottenham,1992,Stoper,İzlanda
3487,Neil Ruddock,Tottenham,1992,Stoper,İngiltere
13595,Stuart Nethercott,Tottenham,1992,Stoper,İngiltere
109493,Gary Mabbutt,Tottenham,1992,Stoper,İngiltere
117191,Terry Fenwick,Tottenham,1992,Stoper,İngiltere
176789,Jason Cundy,Tottenham,1992,Stoper,İngiltere
195615,Dave Tuttle,Tottenham,1992,Stoper,İngiltere
222742,Steve Sedgley,Tottenham,1992,Stoper,İngiltere
104903,Justin Edinburgh,Tottenham,1992,Sol Bek,İngiltere
177254,Pat Van Den Hauwe,Tottenham,1992,Sol Bek,Galler
109486,Dean Austin,Tottenham,1992,Sağ Bek,İngiltere
240737,David McDonald,Tottenham,1992,Sağ Bek,İrlanda
7711,Vinny Samways,Tottenham,1992,Merkez Orta Saha,İngiltere
13432,Kevin Watson,Tottenham,1992,Merkez Orta Saha,İngiltere
20970,Lee Hodges,Tottenham,1992,Merkez Orta Saha,İngiltere
109492,David Howells,Tottenham,1992,Merkez Orta Saha,İngiltere
184495,Nayim,Tottenham,1992,Merkez Orta Saha,İspanya
222253,Paul Allen,Tottenham,1992,Merkez Orta Saha,İngiltere
222684,Andy Gray,Tottenham,1992,Merkez Orta Saha,İngiltere
228070,Danny Hill,Tottenham,1992,Merkez Orta Saha,İngiltere
302315,Jeff Minton,Tottenham,1992,Merkez Orta Saha,İngiltere
3277,Darren Anderton,Tottenham,1992,Orta Saha Sağ,İngiltere
3222,Nick Barmby,Tottenham,1992,Orta Saha Sol,İngiltere
226596,Andy Turner,Tottenham,1992,Sol Kanat,İrlanda
3392,Teddy Sheringham,Tottenham,1992,Santrafor,İngiltere
101129,Gordon Durie,Tottenham,1992,Santrafor,İskoçya
170380,John Hendry,Tottenham,1992,Santrafor,İskoçya
97270,Erik Thorstvedt,Tottenham,1993,Kaleci,Norveç
4137,Ian Walker,Tottenham,1993,Kaleci,İngiltere
13721,Chris Day,Tottenham,1993,Kaleci,İngiltere
238049,Kevin Dearden,Tottenham,1993,Kaleci,İngiltere
103641,Colin Calderwood,Tottenham,1993,Stoper,İskoçya
109493,Gary Mabbutt,Tottenham,1993,Stoper,İngiltere
222741,Kevin Scott,Tottenham,1993,Stoper,İngiltere
222742,Steve Sedgley,Tottenham,1993,Stoper,İngiltere
176789,Jason Cundy,Tottenham,1993,Stoper,İngiltere
3268,Gudni Bergsson,Tottenham,1993,Stoper,İzlanda
3198,Sol Campbell,Tottenham,1993,Stoper,İngiltere
13595,Stuart Nethercott,Tottenham,1993,Stoper,İngiltere
104903,Justin Edinburgh,Tottenham,1993,Sol Bek,İngiltere
109486,Dean Austin,Tottenham,1993,Sağ Bek,İngiltere
223238,David Kerslake,Tottenham,1993,Sağ Bek,İngiltere
4046,Stephen Carr,Tottenham,1993,Sağ Bek,İrlanda
7711,Vinny Samways,Tottenham,1993,Merkez Orta Saha,İngiltere
222253,Paul Allen,Tottenham,1993,Merkez Orta Saha,İngiltere
223226,Jason Dozzell,Tottenham,1993,Merkez Orta Saha,İngiltere
109492,David Howells,Tottenham,1993,Merkez Orta Saha,İngiltere
176808,Micky Hazard,Tottenham,1993,Merkez Orta Saha,İngiltere
13432,Kevin Watson,Tottenham,1993,Merkez Orta Saha,İngiltere
13696,Darren Caskey,Tottenham,1993,Merkez Orta Saha,İngiltere
228070,Danny Hill,Tottenham,1993,Merkez Orta Saha,İngiltere
20970,Lee Hodges,Tottenham,1993,Merkez Orta Saha,İngiltere
222684,Andy Gray,Tottenham,1993,Merkez Orta Saha,İngiltere
3277,Darren Anderton,Tottenham,1993,Orta Saha Sağ,İngiltere
3222,Nick Barmby,Tottenham,1993,Orta Saha Sol,İngiltere
33500,Stephen Robinson,Tottenham,1993,On Numara,Kuzey İrlanda
141047,Ronny Rosenthal,Tottenham,1993,Sol Kanat,İsrail
226596,Andy Turner,Tottenham,1993,Sol Kanat,İrlanda
229830,Paul Moran,Tottenham,1993,Sağ Kanat,İngiltere
101129,Gordon Durie,Tottenham,1993,Santrafor,İskoçya
3392,Teddy Sheringham,Tottenham,1993,Santrafor,İngiltere
170380,John Hendry,Tottenham,1993,Santrafor,İskoçya
1041502,Robbie Simpson,Tottenham,1993,Santrafor,İngiltere
229827,Paul Mahorn,Tottenham,1993,Santrafor,İngiltere
97270,Erik Thorstvedt,Tottenham,1994,Kaleci,Norveç
4137,Ian Walker,Tottenham,1994,Kaleci,İngiltere
13721,Chris Day,Tottenham,1994,Kaleci,İngiltere
3129,Gheorghe Popescu,Tottenham,1994,Stoper,Romanya
103641,Colin Calderwood,Tottenham,1994,Stoper,İskoçya
109493,Gary Mabbutt,Tottenham,1994,Stoper,İngiltere
13595,Stuart Nethercott,Tottenham,1994,Stoper,İngiltere
222741,Kevin Scott,Tottenham,1994,Stoper,İngiltere
3198,Sol Campbell,Tottenham,1994,Stoper,İngiltere
176789,Jason Cundy,Tottenham,1994,Stoper,İngiltere
104903,Justin Edinburgh,Tottenham,1994,Sol Bek,İngiltere
109486,Dean Austin,Tottenham,1994,Sağ Bek,İngiltere
223238,David Kerslake,Tottenham,1994,Sağ Bek,İngiltere
4046,Stephen Carr,Tottenham,1994,Sağ Bek,İrlanda
223226,Jason Dozzell,Tottenham,1994,Merkez Orta Saha,İngiltere
109492,David Howells,Tottenham,1994,Merkez Orta Saha,İngiltere
176808,Micky Hazard,Tottenham,1994,Merkez Orta Saha,İngiltere
13696,Darren Caskey,Tottenham,1994,Merkez Orta Saha,İngiltere
228070,Danny Hill,Tottenham,1994,Merkez Orta Saha,İngiltere
163933,Gerry McMahon,Tottenham,1994,Merkez Orta Saha,Kuzey İrlanda
3277,Darren Anderton,Tottenham,1994,Orta Saha Sağ,İngiltere
3222,Nick Barmby,Tottenham,1994,Orta Saha Sol,İngiltere
102020,Ilie Dumitrescu,Tottenham,1994,On Numara,Romanya
33500,Stephen Robinson,Tottenham,1994,On Numara,Kuzey İrlanda
141047,Ronny Rosenthal,Tottenham,1994,Sol Kanat,İsrail
226596,Andy Turner,Tottenham,1994,Sol Kanat,İrlanda
3392,Teddy Sheringham,Tottenham,1994,Santrafor,İngiltere
16980,Jürgen Klinsmann,Tottenham,1994,Santrafor,Almanya
229827,Paul Mahorn,Tottenham,1994,Santrafor,İngiltere
170380,John Hendry,Tottenham,1994,Santrafor,İskoçya
1041502,Robbie Simpson,Tottenham,1994,Santrafor,İngiltere
4137,Ian Walker,Tottenham,1995,Kaleci,İngiltere
97270,Erik Thorstvedt,Tottenham,1995,Kaleci,Norveç
13721,Chris Day,Tottenham,1995,Kaleci,İngiltere
103641,Colin Calderwood,Tottenham,1995,Stoper,İskoçya
109493,Gary Mabbutt,Tottenham,1995,Stoper,İngiltere
13595,Stuart Nethercott,Tottenham,1995,Stoper,İngiltere
222741,Kevin Scott,Tottenham,1995,Stoper,İngiltere
3198,Sol Campbell,Tottenham,1995,Stoper,İngiltere
176789,Jason Cundy,Tottenham,1995,Stoper,İngiltere
104903,Justin Edinburgh,Tottenham,1995,Sol Bek,İngiltere
109500,Clive Wilson,Tottenham,1995,Sol Bek,İngiltere
109486,Dean Austin,Tottenham,1995,Sağ Bek,İngiltere
223238,David Kerslake,Tottenham,1995,Sağ Bek,İngiltere
4046,Stephen Carr,Tottenham,1995,Sağ Bek,İrlanda
109492,David Howells,Tottenham,1995,Merkez Orta Saha,İngiltere
104904,Ruel Fox,Tottenham,1995,Merkez Orta Saha,Montserrat
223226,Jason Dozzell,Tottenham,1995,Merkez Orta Saha,İngiltere
163933,Gerry McMahon,Tottenham,1995,Merkez Orta Saha,Kuzey İrlanda
13696,Darren Caskey,Tottenham,1995,Merkez Orta Saha,İngiltere
228070,Danny Hill,Tottenham,1995,Merkez Orta Saha,İngiltere
13432,Kevin Watson,Tottenham,1995,Merkez Orta Saha,İngiltere
3277,Darren Anderton,Tottenham,1995,Orta Saha Sağ,İngiltere
101326,Andy Sinton,Tottenham,1995,Orta Saha Sol,İngiltere
102020,Ilie Dumitrescu,Tottenham,1995,On Numara,Romanya
141047,Ronny Rosenthal,Tottenham,1995,Sol Kanat,İsrail
226596,Andy Turner,Tottenham,1995,Sol Kanat,İrlanda
3392,Teddy Sheringham,Tottenham,1995,Santrafor,İngiltere
3281,Chris Armstrong,Tottenham,1995,Santrafor,İngiltere
229827,Paul Mahorn,Tottenham,1995,Santrafor,İngiltere
230344,Steve Slade,Tottenham,1995,Santrafor,İngiltere
4137,Ian Walker,Tottenham,1996,Kaleci,İngiltere
3850,Espen Baardsen,Tottenham,1996,Kaleci,Norveç
21412,Simon Brown,Tottenham,1996,Kaleci,İngiltere
103641,Colin Calderwood,Tottenham,1996,Stoper,İskoçya
109493,Gary Mabbutt,Tottenham,1996,Stoper,İngiltere
13595,Stuart Nethercott,Tottenham,1996,Stoper,İngiltere
104899,John Scales,Tottenham,1996,Stoper,İngiltere
3198,Sol Campbell,Tottenham,1996,Stoper,İngiltere
103731,Ramon Vega,Tottenham,1996,Stoper,İsviçre
47997,Mark Arber,Tottenham,1996,Stoper,İngiltere
104903,Justin Edinburgh,Tottenham,1996,Sol Bek,İngiltere
109500,Clive Wilson,Tottenham,1996,Sol Bek,İngiltere
3938,Jamie Clapham,Tottenham,1996,Sol Bek,İngiltere
57476,Simon Webb,Tottenham,1996,Sol Bek,İrlanda
223238,David Kerslake,Tottenham,1996,Sağ Bek,İngiltere
109486,Dean Austin,Tottenham,1996,Sağ Bek,İngiltere
4046,Stephen Carr,Tottenham,1996,Sağ Bek,İrlanda
163933,Gerry McMahon,Tottenham,1996,Merkez Orta Saha,Kuzey İrlanda
223226,Jason Dozzell,Tottenham,1996,Merkez Orta Saha,İngiltere
228070,Danny Hill,Tottenham,1996,Merkez Orta Saha,İngiltere
109492,David Howells,Tottenham,1996,Merkez Orta Saha,İngiltere
104904,Ruel Fox,Tottenham,1996,Merkez Orta Saha,Montserrat
31829,Allan Nielsen,Tottenham,1996,Merkez Orta Saha,Danimarka
12822,Garry Brady,Tottenham,1996,Merkez Orta Saha,İskoçya
3277,Darren Anderton,Tottenham,1996,Orta Saha Sağ,İngiltere
101326,Andy Sinton,Tottenham,1996,Orta Saha Sol,İngiltere
141047,Ronny Rosenthal,Tottenham,1996,Sol Kanat,İsrail
11716,Paul McVeigh,Tottenham,1996,Sol Kanat,Kuzey İrlanda
3478,Steffen Iversen,Tottenham,1996,Forvet Arkası,Norveç
3392,Teddy Sheringham,Tottenham,1996,Santrafor,İngiltere
3281,Chris Armstrong,Tottenham,1996,Santrafor,İngiltere
34620,Neale Fenn,Tottenham,1996,Santrafor,İrlanda
109485,Rory Allen,Tottenham,1996,Santrafor,İngiltere
4137,Ian Walker,Tottenham,1997,Kaleci,İngiltere
3850,Espen Baardsen,Tottenham,1997,Kaleci,Norveç
21412,Simon Brown,Tottenham,1997,Kaleci,İngiltere
263,Frode Grodås,Tottenham,1997,Kaleci,Norveç
103641,Colin Calderwood,Tottenham,1997,Stoper,İskoçya
109493,Gary Mabbutt,Tottenham,1997,Stoper,İngiltere
103731,Ramon Vega,Tottenham,1997,Stoper,İsviçre
104899,John Scales,Tottenham,1997,Stoper,İngiltere
3198,Sol Campbell,Tottenham,1997,Stoper,İngiltere
47997,Mark Arber,Tottenham,1997,Stoper,İngiltere
104903,Justin Edinburgh,Tottenham,1997,Sol Bek,İngiltere
109488,Darren Davies,Tottenham,1997,Sol Bek,Galler
109500,Clive Wilson,Tottenham,1997,Sol Bek,İngiltere
3938,Jamie Clapham,Tottenham,1997,Sol Bek,İngiltere
3271,Luke Young,Tottenham,1997,Sağ Bek,İngiltere
109486,Dean Austin,Tottenham,1997,Sağ Bek,İngiltere
4046,Stephen Carr,Tottenham,1997,Sağ Bek,İrlanda
109492,David Howells,Tottenham,1997,Merkez Orta Saha,İngiltere
104904,Ruel Fox,Tottenham,1997,Merkez Orta Saha,Montserrat
31829,Allan Nielsen,Tottenham,1997,Merkez Orta Saha,Danimarka
3641,Stephen Clemence,Tottenham,1997,Merkez Orta Saha,İngiltere
12822,Garry Brady,Tottenham,1997,Merkez Orta Saha,İskoçya
102473,Nicola Berti,Tottenham,1997,Merkez Orta Saha,İtalya
3277,Darren Anderton,Tottenham,1997,Orta Saha Sağ,İngiltere
48000,Peter Gain,Tottenham,1997,Orta Saha Sol,İrlanda
101326,Andy Sinton,Tottenham,1997,Orta Saha Sol,İngiltere
109496,Moussa Saïb,Tottenham,1997,Orta Saha Sol,Cezayir
104897,David Ginola,Tottenham,1997,Sol Kanat,Fransa
704,José Dominguez,Tottenham,1997,Sol Kanat,Portekiz
11716,Paul McVeigh,Tottenham,1997,Sol Kanat,Kuzey İrlanda
3478,Steffen Iversen,Tottenham,1997,Forvet Arkası,Norveç
3645,Les Ferdinand,Tottenham,1997,Santrafor,İngiltere
3281,Chris Armstrong,Tottenham,1997,Santrafor,İngiltere
109485,Rory Allen,Tottenham,1997,Santrafor,İngiltere
34620,Neale Fenn,Tottenham,1997,Santrafor,İrlanda
16980,Jürgen Klinsmann,Tottenham,1997,Santrafor,Almanya
4137,Ian Walker,Tottenham,1998,Kaleci,İngiltere
3850,Espen Baardsen,Tottenham,1998,Kaleci,Norveç
104902,Hans Segers,Tottenham,1998,Kaleci,Hollanda
21412,Simon Brown,Tottenham,1998,Kaleci,İngiltere
103641,Colin Calderwood,Tottenham,1998,Stoper,İskoçya
102509,Roger Nilsen,Tottenham,1998,Stoper,Norveç
103731,Ramon Vega,Tottenham,1998,Stoper,İsviçre
104899,John Scales,Tottenham,1998,Stoper,İngiltere
3198,Sol Campbell,Tottenham,1998,Stoper,İngiltere
3360,Ledley King,Tottenham,1998,Stoper,İngiltere
4054,Alton Thelwell,Tottenham,1998,Stoper,İngiltere
104903,Justin Edinburgh,Tottenham,1998,Sol Bek,İngiltere
6406,Paolo Tramezzani,Tottenham,1998,Sol Bek,İtalya
109500,Clive Wilson,Tottenham,1998,Sol Bek,İngiltere
4050,Mauricio Taricco,Tottenham,1998,Sol Bek,Arjantin
4046,Stephen Carr,Tottenham,1998,Sağ Bek,İrlanda
3271,Luke Young,Tottenham,1998,Sağ Bek,İngiltere
3990,Steffen Freund,Tottenham,1998,Ön Libero,Almanya
102473,Nicola Berti,Tottenham,1998,Merkez Orta Saha,İtalya
31829,Allan Nielsen,Tottenham,1998,Merkez Orta Saha,Danimarka
104904,Ruel Fox,Tottenham,1998,Merkez Orta Saha,Montserrat
4005,Tim Sherwood,Tottenham,1998,Merkez Orta Saha,İngiltere
3641,Stephen Clemence,Tottenham,1998,Merkez Orta Saha,İngiltere
39700,Mark Gower,Tottenham,1998,Merkez Orta Saha,İngiltere
3277,Darren Anderton,Tottenham,1998,Orta Saha Sağ,İngiltere
109496,Moussa Saïb,Tottenham,1998,Orta Saha Sol,Cezayir
101326,Andy Sinton,Tottenham,1998,Orta Saha Sol,İngiltere
104897,David Ginola,Tottenham,1998,Sol Kanat,Fransa
704,José Dominguez,Tottenham,1998,Sol Kanat,Portekiz
11716,Paul McVeigh,Tottenham,1998,Sol Kanat,Kuzey İrlanda
3478,Steffen Iversen,Tottenham,1998,Forvet Arkası,Norveç
3645,Les Ferdinand,Tottenham,1998,Santrafor,İngiltere
3281,Chris Armstrong,Tottenham,1998,Santrafor,İngiltere
109485,Rory Allen,Tottenham,1998,Santrafor,İngiltere
4137,Ian Walker,Tottenham,1999,Kaleci,İngiltere
3850,Espen Baardsen,Tottenham,1999,Kaleci,Norveç
104902,Hans Segers,Tottenham,1999,Kaleci,Hollanda
3198,Sol Campbell,Tottenham,1999,Stoper,İngiltere
4051,Chris Perry,Tottenham,1999,Stoper,İngiltere
4052,Gary Doherty,Tottenham,1999,Stoper,İrlanda
103731,Ramon Vega,Tottenham,1999,Stoper,İsviçre
104899,John Scales,Tottenham,1999,Stoper,İngiltere
3360,Ledley King,Tottenham,1999,Stoper,İngiltere
4053,Anthony Gardner,Tottenham,1999,Stoper,İngiltere
4054,Alton Thelwell,Tottenham,1999,Stoper,İngiltere
104903,Justin Edinburgh,Tottenham,1999,Sol Bek,İngiltere
4050,Mauricio Taricco,Tottenham,1999,Sol Bek,Arjantin
4046,Stephen Carr,Tottenham,1999,Sağ Bek,İrlanda
3271,Luke Young,Tottenham,1999,Sağ Bek,İngiltere
3990,Steffen Freund,Tottenham,1999,Ön Libero,Almanya
202858,John Piercy,Tottenham,1999,Orta Saha,İngiltere
4005,Tim Sherwood,Tottenham,1999,Merkez Orta Saha,İngiltere
4071,Øyvind Leonhardsen,Tottenham,1999,Merkez Orta Saha,Norveç
104904,Ruel Fox,Tottenham,1999,Merkez Orta Saha,Montserrat
31829,Allan Nielsen,Tottenham,1999,Merkez Orta Saha,Danimarka
3641,Stephen Clemence,Tottenham,1999,Merkez Orta Saha,İngiltere
39700,Mark Gower,Tottenham,1999,Merkez Orta Saha,İngiltere
3277,Darren Anderton,Tottenham,1999,Orta Saha Sağ,İngiltere
4056,Simon Davies,Tottenham,1999,Orta Saha Sağ,Galler
109496,Moussa Saïb,Tottenham,1999,Orta Saha Sol,Cezayir
3788,Matthew Etherington,Tottenham,1999,Orta Saha Sol,İngiltere
104898,Willem Korsten,Tottenham,1999,Sol Kanat,Hollanda
104897,David Ginola,Tottenham,1999,Sol Kanat,Fransa
704,José Dominguez,Tottenham,1999,Sol Kanat,Portekiz
3478,Steffen Iversen,Tottenham,1999,Forvet Arkası,Norveç
3645,Les Ferdinand,Tottenham,1999,Santrafor,İngiltere
3281,Chris Armstrong,Tottenham,1999,Santrafor,İngiltere
202857,Dave McEwen,Tottenham,1999,Forvet,İngiltere
4137,Ian Walker,Tottenham,2000,Kaleci,İngiltere
4045,Neil Sullivan,Tottenham,2000,Kaleci,İskoçya
104902,Hans Segers,Tottenham,2000,Kaleci,Hollanda
114044,Gavin Kelly,Tottenham,2000,Kaleci,İngiltere
18779,Jon Jönsson,Tottenham,2000,Stoper,İsveç
3198,Sol Campbell,Tottenham,2000,Stoper,İngiltere
4051,Chris Perry,Tottenham,2000,Stoper,İngiltere
4052,Gary Doherty,Tottenham,2000,Stoper,İrlanda
3360,Ledley King,Tottenham,2000,Stoper,İngiltere
4053,Anthony Gardner,Tottenham,2000,Stoper,İngiltere
4054,Alton Thelwell,Tottenham,2000,Stoper,İngiltere
103731,Ramon Vega,Tottenham,2000,Stoper,İsviçre
173159,Ian Hillier,Tottenham,2000,Stoper,Galler
4050,Mauricio Taricco,Tottenham,2000,Sol Bek,Arjantin
3304,Ben Thatcher,Tottenham,2000,Sol Bek,Galler
4046,Stephen Carr,Tottenham,2000,Sağ Bek,İrlanda
3271,Luke Young,Tottenham,2000,Sağ Bek,İngiltere
3990,Steffen Freund,Tottenham,2000,Ön Libero,Almanya
202858,John Piercy,Tottenham,2000,Orta Saha,İngiltere
4005,Tim Sherwood,Tottenham,2000,Merkez Orta Saha,İngiltere
4071,Øyvind Leonhardsen,Tottenham,2000,Merkez Orta Saha,Norveç
3641,Stephen Clemence,Tottenham,2000,Merkez Orta Saha,İngiltere
104904,Ruel Fox,Tottenham,2000,Merkez Orta Saha,Montserrat
29430,Johnnie Jackson,Tottenham,2000,Merkez Orta Saha,İngiltere
3277,Darren Anderton,Tottenham,2000,Orta Saha Sağ,İngiltere
4056,Simon Davies,Tottenham,2000,Orta Saha Sağ,Galler
3788,Matthew Etherington,Tottenham,2000,Orta Saha Sol,İngiltere
104898,Willem Korsten,Tottenham,2000,Sol Kanat,Hollanda
704,José Dominguez,Tottenham,2000,Sol Kanat,Portekiz
3478,Steffen Iversen,Tottenham,2000,Forvet Arkası,Norveç
3122,Sergiy Rebrov,Tottenham,2000,Forvet Arkası,Ukrayna
3645,Les Ferdinand,Tottenham,2000,Santrafor,İngiltere
3281,Chris Armstrong,Tottenham,2000,Santrafor,İngiltere
49086,Andy Booth,Tottenham,2000,Santrafor,İngiltere
202857,Dave McEwen,Tottenham,2000,Forvet,İngiltere
5628,Yannick Kamanan,Tottenham,2000,Santrafor,Fransa
4045,Neil Sullivan,Tottenham,2001,Kaleci,İskoçya
3608,Kasey Keller,Tottenham,2001,Kaleci,Amerika Birleşik Devletleri
3609,Lars Hirschfeld,Tottenham,2001,Kaleci,Kanada
10384,Dave Beasant,Tottenham,2001,Kaleci,İngiltere
114044,Gavin Kelly,Tottenham,2001,Kaleci,İngiltere
3802,Goran Bunjevcevic,Tottenham,2001,Stoper,Sırbistan
4051,Chris Perry,Tottenham,2001,Stoper,İngiltere
4052,Gary Doherty,Tottenham,2001,Stoper,İrlanda
3360,Ledley King,Tottenham,2001,Stoper,İngiltere
4053,Anthony Gardner,Tottenham,2001,Stoper,İngiltere
4054,Alton Thelwell,Tottenham,2001,Stoper,İngiltere
3829,Dean Richards,Tottenham,2001,Stoper,İngiltere
4050,Mauricio Taricco,Tottenham,2001,Sol Bek,Arjantin
3304,Ben Thatcher,Tottenham,2001,Sol Bek,Galler
3990,Steffen Freund,Tottenham,2001,Ön Libero,Almanya
202858,John Piercy,Tottenham,2001,Orta Saha,İngiltere
4005,Tim Sherwood,Tottenham,2001,Merkez Orta Saha,İngiltere
4071,Øyvind Leonhardsen,Tottenham,2001,Merkez Orta Saha,Norveç
29430,Johnnie Jackson,Tottenham,2001,Merkez Orta Saha,İngiltere
3641,Stephen Clemence,Tottenham,2001,Merkez Orta Saha,İngiltere
3277,Darren Anderton,Tottenham,2001,Orta Saha Sağ,İngiltere
4056,Simon Davies,Tottenham,2001,Orta Saha Sağ,Galler
916,Christian Ziege,Tottenham,2001,Orta Saha Sol,Almanya
3788,Matthew Etherington,Tottenham,2001,Orta Saha Sol,İngiltere
3361,Gustavo Poyet,Tottenham,2001,On Numara,Uruguay
3122,Sergiy Rebrov,Tottenham,2001,Forvet Arkası,Ukrayna
3478,Steffen Iversen,Tottenham,2001,Forvet Arkası,Norveç
3645,Les Ferdinand,Tottenham,2001,Santrafor,İngiltere
3392,Teddy Sheringham,Tottenham,2001,Santrafor,İngiltere
3281,Chris Armstrong,Tottenham,2001,Santrafor,İngiltere
5628,Yannick Kamanan,Tottenham,2001,Santrafor,Fransa
114044,Gavin Kelly,Tottenham,2002,Kaleci,İngiltere
4045,Neil Sullivan,Tottenham,2002,Kaleci,İskoçya
3608,Kasey Keller,Tottenham,2002,Kaleci,Amerika Birleşik Devletleri
3609,Lars Hirschfeld,Tottenham,2002,Kaleci,Kanada
27814,Rob Burch,Tottenham,2002,Kaleci,İngiltere
3802,Goran Bunjevcevic,Tottenham,2002,Stoper,Sırbistan
4051,Chris Perry,Tottenham,2002,Stoper,İngiltere
4052,Gary Doherty,Tottenham,2002,Stoper,İrlanda
3360,Ledley King,Tottenham,2002,Stoper,İngiltere
4053,Anthony Gardner,Tottenham,2002,Stoper,İngiltere
3829,Dean Richards,Tottenham,2002,Stoper,İngiltere
4050,Mauricio Taricco,Tottenham,2002,Sol Bek,Arjantin
3304,Ben Thatcher,Tottenham,2002,Sol Bek,Galler
4046,Stephen Carr,Tottenham,2002,Sağ Bek,İrlanda
70798,Ronnie Henry,Tottenham,2002,Sağ Bek,İngiltere
63533,Boubacar Djibolalahou,Tottenham,2002,Orta Saha,Nijer
3990,Steffen Freund,Tottenham,2002,Ön Libero,Almanya
3354,Jonathan Blondel,Tottenham,2002,Ön Libero,Belçika
4057,Kazuyuki Toda,Tottenham,2002,Ön Libero,Japonya
4071,Øyvind Leonhardsen,Tottenham,2002,Merkez Orta Saha,Norveç
3424,Jamie Redknapp,Tottenham,2002,Merkez Orta Saha,İngiltere
3641,Stephen Clemence,Tottenham,2002,Merkez Orta Saha,İngiltere
3277,Darren Anderton,Tottenham,2002,Orta Saha Sağ,İngiltere
4047,Rohan Ricketts,Tottenham,2002,Orta Saha Sağ,İngiltere
4056,Simon Davies,Tottenham,2002,Orta Saha Sağ,Galler
3261,Milenko Acimovic,Tottenham,2002,Orta Saha Sol,Slovenya
916,Christian Ziege,Tottenham,2002,Orta Saha Sol,Almanya
3788,Matthew Etherington,Tottenham,2002,Orta Saha Sol,İngiltere
3361,Gustavo Poyet,Tottenham,2002,On Numara,Uruguay
15167,Mark Yeates,Tottenham,2002,Sol Kanat,İrlanda
3122,Sergiy Rebrov,Tottenham,2002,Forvet Arkası,Ukrayna
3478,Steffen Iversen,Tottenham,2002,Forvet Arkası,Norveç
4058,Lee Barnard,Tottenham,2002,Santrafor,İngiltere
3645,Les Ferdinand,Tottenham,2002,Santrafor,İngiltere
3392,Teddy Sheringham,Tottenham,2002,Santrafor,İngiltere
3144,Robbie Keane,Tottenham,2002,Santrafor,İrlanda
16740,Jamie Slabber,Tottenham,2002,Santrafor,İngiltere
114044,Gavin Kelly,Tottenham,2003,Kaleci,İngiltere
4045,Neil Sullivan,Tottenham,2003,Kaleci,İskoçya
3608,Kasey Keller,Tottenham,2003,Kaleci,Amerika Birleşik Devletleri
27814,Rob Burch,Tottenham,2003,Kaleci,İngiltere
3609,Lars Hirschfeld,Tottenham,2003,Kaleci,Kanada
3802,Goran Bunjevcevic,Tottenham,2003,Stoper,Sırbistan
4052,Gary Doherty,Tottenham,2003,Stoper,İrlanda
8978,Mbulelo Mabizela,Tottenham,2003,Stoper,Güney Afrika
3360,Ledley King,Tottenham,2003,Stoper,İngiltere
4053,Anthony Gardner,Tottenham,2003,Stoper,İngiltere
3829,Dean Richards,Tottenham,2003,Stoper,İngiltere
4050,Mauricio Taricco,Tottenham,2003,Sol Bek,Arjantin
3296,Paul Konchesky,Tottenham,2003,Sol Bek,İngiltere
4046,Stephen Carr,Tottenham,2003,Sağ Bek,İrlanda
12125,Stephen Kelly,Tottenham,2003,Sağ Bek,İrlanda
3354,Jonathan Blondel,Tottenham,2003,Ön Libero,Belçika
13509,Michael Brown,Tottenham,2003,Merkez Orta Saha,İngiltere
7259,Stéphane Dalmat,Tottenham,2003,Merkez Orta Saha,Fransa
3424,Jamie Redknapp,Tottenham,2003,Merkez Orta Saha,İngiltere
29430,Johnnie Jackson,Tottenham,2003,Merkez Orta Saha,İngiltere
4055,Dean Marney,Tottenham,2003,Merkez Orta Saha,İngiltere
3277,Darren Anderton,Tottenham,2003,Orta Saha Sağ,İngiltere
4047,Rohan Ricketts,Tottenham,2003,Orta Saha Sağ,İngiltere
4056,Simon Davies,Tottenham,2003,Orta Saha Sağ,Galler
3261,Milenko Acimovic,Tottenham,2003,Orta Saha Sol,Slovenya
916,Christian Ziege,Tottenham,2003,Orta Saha Sol,Almanya
3361,Gustavo Poyet,Tottenham,2003,On Numara,Uruguay
15167,Mark Yeates,Tottenham,2003,Sol Kanat,İrlanda
5169,Hélder Postiga,Tottenham,2003,Santrafor,Portekiz
3700,Frédéric Kanouté,Tottenham,2003,Santrafor,Mali
3144,Robbie Keane,Tottenham,2003,Santrafor,İrlanda
3875,Jermain Defoe,Tottenham,2003,Santrafor,İngiltere
4058,Lee Barnard,Tottenham,2003,Santrafor,İngiltere
4205,Bobby Zamora,Tottenham,2003,Santrafor,İngiltere
3630,Paul Robinson,Tottenham,2004,Kaleci,İngiltere
3608,Kasey Keller,Tottenham,2004,Kaleci,Amerika Birleşik Devletleri
21010,Radek Cerny,Tottenham,2004,Kaleci,Çek Cumhuriyeti
17879,Márton Fülöp,Tottenham,2004,Kaleci,Macaristan
765785,Nicky Eyre,Tottenham,2004,Kaleci,İngiltere
3360,Ledley King,Tottenham,2004,Stoper,İngiltere
9988,Michael Dawson,Tottenham,2004,Stoper,İngiltere
5531,Noé Pamarot,Tottenham,2004,Stoper,Fransa
4053,Anthony Gardner,Tottenham,2004,Stoper,İngiltere
7493,Noureddine Naybet,Tottenham,2004,Stoper,Fas
3802,Goran Bunjevcevic,Tottenham,2004,Stoper,Sırbistan
9915,Reto Ziegler,Tottenham,2004,Stoper,İsviçre
4221,Calum Davenport,Tottenham,2004,Stoper,İngiltere
4052,Gary Doherty,Tottenham,2004,Stoper,İrlanda
8978,Mbulelo Mabizela,Tottenham,2004,Stoper,Güney Afrika
3829,Dean Richards,Tottenham,2004,Stoper,İngiltere
4394,Erik Edman,Tottenham,2004,Sol Bek,İsveç
2887,Thimothée Atouba,Tottenham,2004,Sol Bek,Kamerun
4050,Mauricio Taricco,Tottenham,2004,Sol Bek,Arjantin
16090,David Limbersky,Tottenham,2004,Sol Bek,Çek Cumhuriyeti
28805,Philip Ifil,Tottenham,2004,Sağ Bek,İngiltere
12125,Stephen Kelly,Tottenham,2004,Sağ Bek,İrlanda
3878,Michael Carrick,Tottenham,2004,Ön Libero,İngiltere
4036,Sean Davis,Tottenham,2004,Ön Libero,İngiltere
9811,Pedro Mendes,Tottenham,2004,Merkez Orta Saha,Portekiz
13509,Michael Brown,Tottenham,2004,Merkez Orta Saha,İngiltere
3424,Jamie Redknapp,Tottenham,2004,Merkez Orta Saha,İngiltere
4055,Dean Marney,Tottenham,2004,Merkez Orta Saha,İngiltere
29430,Johnnie Jackson,Tottenham,2004,Merkez Orta Saha,İngiltere
4056,Simon Davies,Tottenham,2004,Orta Saha Sağ,Galler
4047,Rohan Ricketts,Tottenham,2004,Orta Saha Sağ,İngiltere
10008,Andy Reid,Tottenham,2004,Orta Saha Sol,İrlanda
15167,Mark Yeates,Tottenham,2004,Sol Kanat,İrlanda
3875,Jermain Defoe,Tottenham,2004,Santrafor,İngiltere
3144,Robbie Keane,Tottenham,2004,Santrafor,İrlanda
3700,Frédéric Kanouté,Tottenham,2004,Santrafor,Mali
4329,Mido,Tottenham,2004,Santrafor,Mısır
15768,Edson Sousa,Tottenham,2004,Santrafor,Portekiz
3630,Paul Robinson,Tottenham,2005,Kaleci,İngiltere
21010,Radek Cerny,Tottenham,2005,Kaleci,Çek Cumhuriyeti
3360,Ledley King,Tottenham,2005,Stoper,İngiltere
9988,Michael Dawson,Tottenham,2005,Stoper,İngiltere
4053,Anthony Gardner,Tottenham,2005,Stoper,İngiltere
5531,Noé Pamarot,Tottenham,2005,Stoper,Fransa
4221,Calum Davenport,Tottenham,2005,Stoper,İngiltere
7493,Noureddine Naybet,Tottenham,2005,Stoper,Fas
6156,Young-pyo Lee,Tottenham,2005,Sol Bek,Güney Kore
4394,Erik Edman,Tottenham,2005,Sol Bek,İsveç
536,Paul Stalteri,Tottenham,2005,Sağ Bek,Kanada
12125,Stephen Kelly,Tottenham,2005,Sağ Bek,İrlanda
3878,Michael Carrick,Tottenham,2005,Ön Libero,İngiltere
13465,Tom Huddlestone,Tottenham,2005,Ön Libero,İngiltere
4741,Teemu Tainio,Tottenham,2005,Ön Libero,Finlandiya
3461,Jermaine Jenas,Tottenham,2005,Merkez Orta Saha,İngiltere
5758,Edgar Davids,Tottenham,2005,Merkez Orta Saha,Hollanda
3221,Danny Murphy,Tottenham,2005,Merkez Orta Saha,İngiltere
9811,Pedro Mendes,Tottenham,2005,Merkez Orta Saha,Portekiz
13509,Michael Brown,Tottenham,2005,Merkez Orta Saha,İngiltere
29430,Johnnie Jackson,Tottenham,2005,Merkez Orta Saha,İngiltere
10008,Andy Reid,Tottenham,2005,Orta Saha Sol,İrlanda
14066,Wayne Routledge,Tottenham,2005,Sol Kanat,İngiltere
14221,Aaron Lennon,Tottenham,2005,Sağ Kanat,İngiltere
3875,Jermain Defoe,Tottenham,2005,Santrafor,İngiltere
3144,Robbie Keane,Tottenham,2005,Santrafor,İrlanda
4329,Mido,Tottenham,2005,Santrafor,Mısır
3700,Frédéric Kanouté,Tottenham,2005,Santrafor,Mali
15242,Grzegorz Rasiak,Tottenham,2005,Santrafor,Polonya
4058,Lee Barnard,Tottenham,2005,Santrafor,İngiltere
3630,Paul Robinson,Tottenham,2006,Kaleci,İngiltere
27036,Ben Alnwick,Tottenham,2006,Kaleci,İngiltere
17879,Márton Fülöp,Tottenham,2006,Kaleci,Macaristan
21010,Radek Cerny,Tottenham,2006,Kaleci,Çek Cumhuriyeti
27814,Rob Burch,Tottenham,2006,Kaleci,İngiltere
3360,Ledley King,Tottenham,2006,Stoper,İngiltere
9988,Michael Dawson,Tottenham,2006,Stoper,İngiltere
13211,Ricardo Rocha,Tottenham,2006,Stoper,Portekiz
4053,Anthony Gardner,Tottenham,2006,Stoper,İngiltere
4221,Calum Davenport,Tottenham,2006,Stoper,İngiltere
9915,Reto Ziegler,Tottenham,2006,Stoper,İsviçre
32029,Dorian Dervite,Tottenham,2006,Stoper,Fransa
19639,Leigh Mills,Tottenham,2006,Stoper,İngiltere
6156,Young-pyo Lee,Tottenham,2006,Sol Bek,Güney Kore
18310,Benoît Assou-Ekotto,Tottenham,2006,Sol Bek,Kamerun
18875,Pascal Chimbonda,Tottenham,2006,Sağ Bek,Guadeloupe
536,Paul Stalteri,Tottenham,2006,Sağ Bek,Kanada
28805,Philip Ifil,Tottenham,2006,Sağ Bek,İngiltere
13389,Didier Zokora,Tottenham,2006,Ön Libero,Fildişi Sahili
13465,Tom Huddlestone,Tottenham,2006,Ön Libero,İngiltere
4741,Teemu Tainio,Tottenham,2006,Ön Libero,Finlandiya
3461,Jermaine Jenas,Tottenham,2006,Merkez Orta Saha,İngiltere
3221,Danny Murphy,Tottenham,2006,Merkez Orta Saha,İngiltere
5758,Edgar Davids,Tottenham,2006,Merkez Orta Saha,Hollanda
7448,Hossam Ghaly,Tottenham,2006,Merkez Orta Saha,Mısır
38090,Jamie O'Hara,Tottenham,2006,Merkez Orta Saha,İngiltere
45287,Adel Taarabt,Tottenham,2006,Merkez Orta Saha,Fas
16669,Charlie Lee,Tottenham,2006,Merkez Orta Saha,İngiltere
3569,Steed Malbranque,Tottenham,2006,Orta Saha Sol,Fransa
15167,Mark Yeates,Tottenham,2006,Sol Kanat,İrlanda
57486,Andy Barcham,Tottenham,2006,Sol Kanat,İngiltere
14221,Aaron Lennon,Tottenham,2006,Sağ Kanat,İngiltere
65,Dimitar Berbatov,Tottenham,2006,Santrafor,Bulgaristan
3875,Jermain Defoe,Tottenham,2006,Santrafor,İngiltere
3144,Robbie Keane,Tottenham,2006,Santrafor,İrlanda
4329,Mido,Tottenham,2006,Santrafor,Mısır
38746,Tomas Pekhart,Tottenham,2006,Santrafor,Çek Cumhuriyeti
4058,Lee Barnard,Tottenham,2006,Santrafor,İngiltere
3630,Paul Robinson,Tottenham,2007,Kaleci,İngiltere
21010,Radek Cerny,Tottenham,2007,Kaleci,Çek Cumhuriyeti
27036,Ben Alnwick,Tottenham,2007,Kaleci,İngiltere
3360,Ledley King,Tottenham,2007,Stoper,İngiltere
27114,Younès Kaboul,Tottenham,2007,Stoper,Fransa
9988,Michael Dawson,Tottenham,2007,Stoper,İngiltere
3224,Jonathan Woodgate,Tottenham,2007,Stoper,İngiltere
13211,Ricardo Rocha,Tottenham,2007,Stoper,Portekiz
4053,Anthony Gardner,Tottenham,2007,Stoper,İngiltere
32029,Dorian Dervite,Tottenham,2007,Stoper,Fransa
19639,Leigh Mills,Tottenham,2007,Stoper,İngiltere
18734,Gilberto,Tottenham,2007,Sol Bek,Brezilya
6156,Young-pyo Lee,Tottenham,2007,Sol Bek,Güney Kore
18310,Benoît Assou-Ekotto,Tottenham,2007,Sol Bek,Kamerun
50174,Danny Rose,Tottenham,2007,Sol Bek,İngiltere
9619,Alan Hutton,Tottenham,2007,Sağ Bek,İskoçya
18875,Pascal Chimbonda,Tottenham,2007,Sağ Bek,Guadeloupe
43853,Chris Gunter,Tottenham,2007,Sağ Bek,Galler
536,Paul Stalteri,Tottenham,2007,Sağ Bek,Kanada
13389,Didier Zokora,Tottenham,2007,Ön Libero,Fildişi Sahili
13465,Tom Huddlestone,Tottenham,2007,Ön Libero,İngiltere
4741,Teemu Tainio,Tottenham,2007,Ön Libero,Finlandiya
3461,Jermaine Jenas,Tottenham,2007,Merkez Orta Saha,İngiltere
45287,Adel Taarabt,Tottenham,2007,Merkez Orta Saha,Fas
7448,Hossam Ghaly,Tottenham,2007,Merkez Orta Saha,Mısır
38090,Jamie O'Hara,Tottenham,2007,Merkez Orta Saha,İngiltere
3569,Steed Malbranque,Tottenham,2007,Orta Saha Sol,Fransa
16922,Kevin-Prince Boateng,Tottenham,2007,On Numara,Gana
14221,Aaron Lennon,Tottenham,2007,Sağ Kanat,İngiltere
39381,Gareth Bale,Tottenham,2007,Sağ Kanat,Galler
65,Dimitar Berbatov,Tottenham,2007,Santrafor,Bulgaristan
3144,Robbie Keane,Tottenham,2007,Santrafor,İrlanda
13239,Darren Bent,Tottenham,2007,Santrafor,İngiltere
3875,Jermain Defoe,Tottenham,2007,Santrafor,İngiltere
19059,Heurelho Gomes,Tottenham,2008,Kaleci,Brezilya
7510,César Sánchez,Tottenham,2008,Kaleci,İspanya
3151,Carlo Cudicini,Tottenham,2008,Kaleci,İtalya
27036,Ben Alnwick,Tottenham,2008,Kaleci,İngiltere
45628,Oscar Jansson,Tottenham,2008,Kaleci,İsveç
34393,Vedran Corluka,Tottenham,2008,Stoper,Hırvatistan
3224,Jonathan Woodgate,Tottenham,2008,Stoper,İngiltere
3360,Ledley King,Tottenham,2008,Stoper,İngiltere
9988,Michael Dawson,Tottenham,2008,Stoper,İngiltere
18310,Benoît Assou-Ekotto,Tottenham,2008,Sol Bek,Kamerun
18734,Gilberto,Tottenham,2008,Sol Bek,Brezilya
50174,Danny Rose,Tottenham,2008,Sol Bek,İngiltere
9619,Alan Hutton,Tottenham,2008,Sağ Bek,İskoçya
18875,Pascal Chimbonda,Tottenham,2008,Sağ Bek,Guadeloupe
43853,Chris Gunter,Tottenham,2008,Sağ Bek,Galler
61841,Adam Smith,Tottenham,2008,Sağ Bek,İngiltere
58361,Wilson Palacios,Tottenham,2008,Ön Libero,Honduras
13389,Didier Zokora,Tottenham,2008,Ön Libero,Fildişi Sahili
13465,Tom Huddlestone,Tottenham,2008,Ön Libero,İngiltere
27992,Luka Modrić,Tottenham,2008,Merkez Orta Saha,Hırvatistan
3461,Jermaine Jenas,Tottenham,2008,Merkez Orta Saha,İngiltere
38090,Jamie O'Hara,Tottenham,2008,Merkez Orta Saha,İngiltere
45287,Adel Taarabt,Tottenham,2008,Merkez Orta Saha,Fas
58097,John Bostock,Tottenham,2008,Merkez Orta Saha,Trinidad ve Tobago
103487,Dean Parrett,Tottenham,2008,Merkez Orta Saha,İngiltere
61834,Ryan Mason,Tottenham,2008,Merkez Orta Saha,İngiltere
3205,David Bentley,Tottenham,2008,Orta Saha Sağ,İngiltere
14221,Aaron Lennon,Tottenham,2008,Sağ Kanat,İngiltere
39381,Gareth Bale,Tottenham,2008,Sağ Kanat,Galler
44674,Giovani dos Santos,Tottenham,2008,Forvet Arkası,Meksika
3144,Robbie Keane,Tottenham,2008,Santrafor,İrlanda
3875,Jermain Defoe,Tottenham,2008,Santrafor,İngiltere
13239,Darren Bent,Tottenham,2008,Santrafor,İngiltere
15072,Roman Pavlyuchenko,Tottenham,2008,Santrafor,Rusya
42411,Fraizer Campbell,Tottenham,2008,Santrafor,İngiltere
61838,Jonathan Obika,Tottenham,2008,Santrafor,İngiltere
19059,Heurelho Gomes,Tottenham,2009,Kaleci,Brezilya
3151,Carlo Cudicini,Tottenham,2009,Kaleci,İtalya
27036,Ben Alnwick,Tottenham,2009,Kaleci,İngiltere
46746,Jimmy Walker,Tottenham,2009,Kaleci,İngiltere
61814,David Button,Tottenham,2009,Kaleci,İngiltere
34393,Vedran Corluka,Tottenham,2009,Stoper,Hırvatistan
3360,Ledley King,Tottenham,2009,Stoper,İngiltere
33951,Sébastien Bassong,Tottenham,2009,Stoper,Kamerun
3224,Jonathan Woodgate,Tottenham,2009,Stoper,İngiltere
9988,Michael Dawson,Tottenham,2009,Stoper,İngiltere
27114,Younès Kaboul,Tottenham,2009,Stoper,Fransa
32029,Dorian Dervite,Tottenham,2009,Stoper,Fransa
18310,Benoît Assou-Ekotto,Tottenham,2009,Sol Bek,Kamerun
50174,Danny Rose,Tottenham,2009,Sol Bek,İngiltere
9619,Alan Hutton,Tottenham,2009,Sağ Bek,İskoçya
18875,Pascal Chimbonda,Tottenham,2009,Sağ Bek,Guadeloupe
66219,Kyle Naughton,Tottenham,2009,Sağ Bek,İngiltere
95424,Kyle Walker,Tottenham,2009,Sağ Bek,İngiltere
140191,Ryan Fredericks,Tottenham,2009,Sağ Bek,İngiltere
58361,Wilson Palacios,Tottenham,2009,Ön Libero,Honduras
13465,Tom Huddlestone,Tottenham,2009,Ön Libero,İngiltere
61832,Jake Livermore,Tottenham,2009,Ön Libero,İngiltere
27992,Luka Modrić,Tottenham,2009,Merkez Orta Saha,Hırvatistan
3461,Jermaine Jenas,Tottenham,2009,Merkez Orta Saha,İngiltere
38090,Jamie O'Hara,Tottenham,2009,Merkez Orta Saha,İngiltere
45287,Adel Taarabt,Tottenham,2009,Merkez Orta Saha,Fas
103487,Dean Parrett,Tottenham,2009,Merkez Orta Saha,İngiltere
3205,David Bentley,Tottenham,2009,Orta Saha Sağ,İngiltere
16746,Niko Kranjcar,Tottenham,2009,On Numara,Hırvatistan
16922,Kevin-Prince Boateng,Tottenham,2009,On Numara,Gana
73846,Paul-José Mpoku,Tottenham,2009,On Numara,Kongo DC
14221,Aaron Lennon,Tottenham,2009,Sağ Kanat,İngiltere
39381,Gareth Bale,Tottenham,2009,Sağ Kanat,Galler
61842,Andros Townsend,Tottenham,2009,Sağ Kanat,İngiltere
44674,Giovani dos Santos,Tottenham,2009,Forvet Arkası,Meksika
3875,Jermain Defoe,Tottenham,2009,Santrafor,İngiltere
3144,Robbie Keane,Tottenham,2009,Santrafor,İrlanda
4072,Peter Crouch,Tottenham,2009,Santrafor,İngiltere
15072,Roman Pavlyuchenko,Tottenham,2009,Santrafor,Rusya
3176,Eidur Gudjohnsen,Tottenham,2009,Santrafor,İzlanda
132098,Harry Kane,Tottenham,2009,Santrafor,İngiltere
19059,Heurelho Gomes,Tottenham,2010,Kaleci,Brezilya
14937,Stipe Pletikosa,Tottenham,2010,Kaleci,Hırvatistan
3151,Carlo Cudicini,Tottenham,2010,Kaleci,İtalya
61814,David Button,Tottenham,2010,Kaleci,İngiltere
27036,Ben Alnwick,Tottenham,2010,Kaleci,İngiltere
34393,Vedran Corluka,Tottenham,2010,Stoper,Hırvatistan
9988,Michael Dawson,Tottenham,2010,Stoper,İngiltere
27114,Younès Kaboul,Tottenham,2010,Stoper,Fransa
3156,William Gallas,Tottenham,2010,Stoper,Fransa
33951,Sébastien Bassong,Tottenham,2010,Stoper,Kamerun
3360,Ledley King,Tottenham,2010,Stoper,İngiltere
3224,Jonathan Woodgate,Tottenham,2010,Stoper,İngiltere
82215,Bongani Khumalo,Tottenham,2010,Stoper,Güney Afrika
121280,Steven Caulker,Tottenham,2010,Stoper,Sierra Leone
18310,Benoît Assou-Ekotto,Tottenham,2010,Sol Bek,Kamerun
50174,Danny Rose,Tottenham,2010,Sol Bek,İngiltere
9619,Alan Hutton,Tottenham,2010,Sağ Bek,İskoçya
66219,Kyle Naughton,Tottenham,2010,Sağ Bek,İngiltere
95424,Kyle Walker,Tottenham,2010,Sağ Bek,İngiltere
58361,Wilson Palacios,Tottenham,2010,Ön Libero,Honduras
13465,Tom Huddlestone,Tottenham,2010,Ön Libero,İngiltere
61832,Jake Livermore,Tottenham,2010,Ön Libero,İngiltere
27992,Luka Modrić,Tottenham,2010,Merkez Orta Saha,Hırvatistan
3461,Jermaine Jenas,Tottenham,2010,Merkez Orta Saha,İngiltere
74590,Sandro,Tottenham,2010,Merkez Orta Saha,Brezilya
58097,John Bostock,Tottenham,2010,Merkez Orta Saha,Trinidad ve Tobago
3205,David Bentley,Tottenham,2010,Orta Saha Sağ,İngiltere
4321,Steven Pienaar,Tottenham,2010,Orta Saha Sol,Güney Afrika
4192,Rafael van der Vaart,Tottenham,2010,On Numara,Hollanda
16746,Niko Kranjcar,Tottenham,2010,On Numara,Hırvatistan
39381,Gareth Bale,Tottenham,2010,Sağ Kanat,Galler
14221,Aaron Lennon,Tottenham,2010,Sağ Kanat,İngiltere
61842,Andros Townsend,Tottenham,2010,Sağ Kanat,İngiltere
44674,Giovani dos Santos,Tottenham,2010,Forvet Arkası,Meksika
3875,Jermain Defoe,Tottenham,2010,Santrafor,İngiltere
4072,Peter Crouch,Tottenham,2010,Santrafor,İngiltere
15072,Roman Pavlyuchenko,Tottenham,2010,Santrafor,Rusya
3144,Robbie Keane,Tottenham,2010,Santrafor,İrlanda
19059,Heurelho Gomes,Tottenham,2011,Kaleci,Brezilya
3476,Brad Friedel,Tottenham,2011,Kaleci,Amerika Birleşik Devletleri
3151,Carlo Cudicini,Tottenham,2011,Kaleci,İtalya
27114,Younès Kaboul,Tottenham,2011,Stoper,Fransa
9988,Michael Dawson,Tottenham,2011,Stoper,İngiltere
34393,Vedran Corluka,Tottenham,2011,Stoper,Hırvatistan
33951,Sébastien Bassong,Tottenham,2011,Stoper,Kamerun
121280,Steven Caulker,Tottenham,2011,Stoper,Sierra Leone
3156,William Gallas,Tottenham,2011,Stoper,Fransa
3360,Ledley King,Tottenham,2011,Stoper,İngiltere
82215,Bongani Khumalo,Tottenham,2011,Stoper,Güney Afrika
28878,Ryan Nelsen,Tottenham,2011,Stoper,Yeni Zelanda
18310,Benoît Assou-Ekotto,Tottenham,2011,Sol Bek,Kamerun
50174,Danny Rose,Tottenham,2011,Sol Bek,İngiltere
95424,Kyle Walker,Tottenham,2011,Sağ Bek,İngiltere
66219,Kyle Naughton,Tottenham,2011,Sağ Bek,İngiltere
61841,Adam Smith,Tottenham,2011,Sağ Bek,İngiltere
140191,Ryan Fredericks,Tottenham,2011,Sağ Bek,İngiltere
200773,Jack Barthram,Tottenham,2011,Sağ Bek,İngiltere
13465,Tom Huddlestone,Tottenham,2011,Ön Libero,İngiltere
61832,Jake Livermore,Tottenham,2011,Ön Libero,İngiltere
200782,Kevin Stewart,Tottenham,2011,Ön Libero,Jamaika
27992,Luka Modrić,Tottenham,2011,Merkez Orta Saha,Hırvatistan
74590,Sandro,Tottenham,2011,Merkez Orta Saha,Brezilya
3785,Scott Parker,Tottenham,2011,Merkez Orta Saha,İngiltere
3461,Jermaine Jenas,Tottenham,2011,Merkez Orta Saha,İngiltere
103487,Dean Parrett,Tottenham,2011,Merkez Orta Saha,İngiltere
58097,John Bostock,Tottenham,2011,Merkez Orta Saha,Trinidad ve Tobago
181687,Massimo Luongo,Tottenham,2011,Merkez Orta Saha,Avustralya
121279,Tom Carroll,Tottenham,2011,Merkez Orta Saha,İngiltere
121293,Jake Nicholson,Tottenham,2011,Merkez Orta Saha,İngiltere
3205,David Bentley,Tottenham,2011,Orta Saha Sağ,İngiltere
4321,Steven Pienaar,Tottenham,2011,Orta Saha Sol,Güney Afrika
4192,Rafael van der Vaart,Tottenham,2011,On Numara,Hollanda
16746,Niko Kranjcar,Tottenham,2011,On Numara,Hırvatistan
166640,Cristian Ceballos,Tottenham,2011,On Numara,İspanya
200777,Alex Pritchard,Tottenham,2011,On Numara,İngiltere
39381,Gareth Bale,Tottenham,2011,Sağ Kanat,Galler
14221,Aaron Lennon,Tottenham,2011,Sağ Kanat,İngiltere
59340,Iago Falque,Tottenham,2011,Sağ Kanat,İspanya
61842,Andros Townsend,Tottenham,2011,Sağ Kanat,İngiltere
44674,Giovani dos Santos,Tottenham,2011,Forvet Arkası,Meksika
8883,Emmanuel Adebayor,Tottenham,2011,Santrafor,Togo
3875,Jermain Defoe,Tottenham,2011,Santrafor,İngiltere
15072,Roman Pavlyuchenko,Tottenham,2011,Santrafor,Rusya
4072,Peter Crouch,Tottenham,2011,Santrafor,İngiltere
4015,Louis Saha,Tottenham,2011,Santrafor,Fransa
132098,Harry Kane,Tottenham,2011,Santrafor,İngiltere
182660,Cameron Lancaster,Tottenham,2011,Santrafor,İngiltere
17965,Hugo Lloris,Tottenham,2012,Kaleci,Fransa
3476,Brad Friedel,Tottenham,2012,Kaleci,Amerika Birleşik Devletleri
3151,Carlo Cudicini,Tottenham,2012,Kaleci,İtalya
43250,Jan Vertonghen,Tottenham,2012,Stoper,Belçika
27114,Younès Kaboul,Tottenham,2012,Stoper,Fransa
9988,Michael Dawson,Tottenham,2012,Stoper,İngiltere
121280,Steven Caulker,Tottenham,2012,Stoper,Sierra Leone
3156,William Gallas,Tottenham,2012,Stoper,Fransa
18310,Benoît Assou-Ekotto,Tottenham,2012,Sol Bek,Kamerun
50174,Danny Rose,Tottenham,2012,Sol Bek,İngiltere
141655,Zeki Fryers,Tottenham,2012,Sol Bek,İngiltere
95424,Kyle Walker,Tottenham,2012,Sağ Bek,İngiltere
66219,Kyle Naughton,Tottenham,2012,Sağ Bek,İngiltere
61841,Adam Smith,Tottenham,2012,Sağ Bek,İngiltere
13465,Tom Huddlestone,Tottenham,2012,Ön Libero,İngiltere
61832,Jake Livermore,Tottenham,2012,Ön Libero,İngiltere
19368,Mousa Dembélé,Tottenham,2012,Merkez Orta Saha,Belçika
74590,Sandro,Tottenham,2012,Merkez Orta Saha,Brezilya
55508,Lewis Holtby,Tottenham,2012,Merkez Orta Saha,Almanya
3785,Scott Parker,Tottenham,2012,Merkez Orta Saha,İngiltere
3461,Jermaine Jenas,Tottenham,2012,Merkez Orta Saha,İngiltere
121279,Tom Carroll,Tottenham,2012,Merkez Orta Saha,İngiltere
61834,Ryan Mason,Tottenham,2012,Merkez Orta Saha,İngiltere
3205,David Bentley,Tottenham,2012,Orta Saha Sağ,İngiltere
4192,Rafael van der Vaart,Tottenham,2012,On Numara,Hollanda
90466,Gylfi Sigurdsson,Tottenham,2012,On Numara,İzlanda
39381,Gareth Bale,Tottenham,2012,Sağ Kanat,Galler
14221,Aaron Lennon,Tottenham,2012,Sağ Kanat,İngiltere
59340,Iago Falque,Tottenham,2012,Sağ Kanat,İspanya
61842,Andros Townsend,Tottenham,2012,Sağ Kanat,İngiltere
27577,Clint Dempsey,Tottenham,2012,Forvet Arkası,Amerika Birleşik Devletleri
8883,Emmanuel Adebayor,Tottenham,2012,Santrafor,Togo
3875,Jermain Defoe,Tottenham,2012,Santrafor,İngiltere
132098,Harry Kane,Tottenham,2012,Santrafor,İngiltere
61838,Jonathan Obika,Tottenham,2012,Santrafor,İngiltere
17965,Hugo Lloris,Tottenham,2013,Kaleci,Fransa
19059,Heurelho Gomes,Tottenham,2013,Kaleci,Brezilya
3476,Brad Friedel,Tottenham,2013,Kaleci,Amerika Birleşik Devletleri
43250,Jan Vertonghen,Tottenham,2013,Stoper,Belçika
27114,Younès Kaboul,Tottenham,2013,Stoper,Fransa
9988,Michael Dawson,Tottenham,2013,Stoper,İngiltere
202228,Milos Veljkovic,Tottenham,2013,Stoper,Sırbistan
50174,Danny Rose,Tottenham,2013,Sol Bek,İngiltere
141655,Zeki Fryers,Tottenham,2013,Sol Bek,İngiltere
95424,Kyle Walker,Tottenham,2013,Sağ Bek,İngiltere
66219,Kyle Naughton,Tottenham,2013,Sağ Bek,İngiltere
140191,Ryan Fredericks,Tottenham,2013,Sağ Bek,İngiltere
123261,Vlad Chiricheș,Tottenham,2013,Ön Libero,Romanya
63494,Étienne Capoue,Tottenham,2013,Ön Libero,Fransa
245537,Nabil Bentaleb,Tottenham,2013,Ön Libero,Cezayir
19368,Mousa Dembélé,Tottenham,2013,Merkez Orta Saha,Belçika
57229,Paulinho,Tottenham,2013,Merkez Orta Saha,Brezilya
74590,Sandro,Tottenham,2013,Merkez Orta Saha,Brezilya
55508,Lewis Holtby,Tottenham,2013,Merkez Orta Saha,Almanya
121279,Tom Carroll,Tottenham,2013,Merkez Orta Saha,İngiltere
223027,Laste Dombaxe,Tottenham,2013,Merkez Orta Saha,İngiltere
243589,Josh Onomah,Tottenham,2013,Merkez Orta Saha,İngiltere
69633,Christian Eriksen,Tottenham,2013,On Numara,Danimarka
90466,Gylfi Sigurdsson,Tottenham,2013,On Numara,İzlanda
200777,Alex Pritchard,Tottenham,2013,On Numara,İngiltere
59631,Nacer Chadli,Tottenham,2013,Sol Kanat,Belçika
111630,Erik Lamela,Tottenham,2013,Sağ Kanat,Arjantin
14221,Aaron Lennon,Tottenham,2013,Sağ Kanat,İngiltere
61842,Andros Townsend,Tottenham,2013,Sağ Kanat,İngiltere
59340,Iago Falque,Tottenham,2013,Sağ Kanat,İspanya
183168,Kenny McEvoy,Tottenham,2013,Sağ Kanat,İrlanda
34870,Roberto Soldado,Tottenham,2013,Santrafor,İspanya
8883,Emmanuel Adebayor,Tottenham,2013,Santrafor,Togo
3875,Jermain Defoe,Tottenham,2013,Santrafor,İngiltere
132098,Harry Kane,Tottenham,2013,Santrafor,İngiltere
251829,Shaq Coulthirst,Tottenham,2013,Santrafor,İngiltere
17965,Hugo Lloris,Tottenham,2014,Kaleci,Fransa
26276,Michel Vorm,Tottenham,2014,Kaleci,Hollanda
3476,Brad Friedel,Tottenham,2014,Kaleci,Amerika Birleşik Devletleri
177952,Jordan Archer,Tottenham,2014,Kaleci,İskoçya
183301,Luke McGee,Tottenham,2014,Kaleci,İngiltere
43250,Jan Vertonghen,Tottenham,2014,Stoper,Belçika
192765,Ben Davies,Tottenham,2014,Stoper,Galler
45314,Federico Fazio,Tottenham,2014,Stoper,Arjantin
175722,Eric Dier,Tottenham,2014,Stoper,İngiltere
27114,Younès Kaboul,Tottenham,2014,Stoper,Fransa
9988,Michael Dawson,Tottenham,2014,Stoper,İngiltere
82215,Bongani Khumalo,Tottenham,2014,Stoper,Güney Afrika
202228,Milos Veljkovic,Tottenham,2014,Stoper,Sırbistan
124845,Grant Hall,Tottenham,2014,Stoper,İngiltere
50174,Danny Rose,Tottenham,2014,Sol Bek,İngiltere
95424,Kyle Walker,Tottenham,2014,Sağ Bek,İngiltere
66219,Kyle Naughton,Tottenham,2014,Sağ Bek,İngiltere
255916,DeAndre Yedlin,Tottenham,2014,Sağ Bek,Amerika Birleşik Devletleri
123261,Vlad Chiricheș,Tottenham,2014,Ön Libero,Romanya
63494,Étienne Capoue,Tottenham,2014,Ön Libero,Fransa
245537,Nabil Bentaleb,Tottenham,2014,Ön Libero,Cezayir
127160,Benjamin Stambouli,Tottenham,2014,Ön Libero,Fransa
167254,Dominic Ball,Tottenham,2014,Ön Libero,İngiltere
249126,Harry Winks,Tottenham,2014,Ön Libero,İngiltere
19368,Mousa Dembélé,Tottenham,2014,Merkez Orta Saha,Belçika
74590,Sandro,Tottenham,2014,Merkez Orta Saha,Brezilya
57229,Paulinho,Tottenham,2014,Merkez Orta Saha,Brezilya
55508,Lewis Holtby,Tottenham,2014,Merkez Orta Saha,Almanya
61834,Ryan Mason,Tottenham,2014,Merkez Orta Saha,İngiltere
121279,Tom Carroll,Tottenham,2014,Merkez Orta Saha,İngiltere
243589,Josh Onomah,Tottenham,2014,Merkez Orta Saha,İngiltere
69633,Christian Eriksen,Tottenham,2014,On Numara,Danimarka
207929,Dele Alli,Tottenham,2014,On Numara,İngiltere
200777,Alex Pritchard,Tottenham,2014,On Numara,İngiltere
166640,Cristian Ceballos,Tottenham,2014,On Numara,İspanya
59631,Nacer Chadli,Tottenham,2014,Sol Kanat,Belçika
111630,Erik Lamela,Tottenham,2014,Sağ Kanat,Arjantin
14221,Aaron Lennon,Tottenham,2014,Sağ Kanat,İngiltere
61842,Andros Townsend,Tottenham,2014,Sağ Kanat,İngiltere
132098,Harry Kane,Tottenham,2014,Santrafor,İngiltere
34870,Roberto Soldado,Tottenham,2014,Santrafor,İspanya
8883,Emmanuel Adebayor,Tottenham,2014,Santrafor,Togo
17965,Hugo Lloris,Tottenham,2015,Kaleci,Fransa
26276,Michel Vorm,Tottenham,2015,Kaleci,Hollanda
183301,Luke McGee,Tottenham,2015,Kaleci,İngiltere
42710,Toby Alderweireld,Tottenham,2015,Stoper,Belçika
43250,Jan Vertonghen,Tottenham,2015,Stoper,Belçika
175722,Eric Dier,Tottenham,2015,Stoper,İngiltere
45314,Federico Fazio,Tottenham,2015,Stoper,Arjantin
192765,Ben Davies,Tottenham,2015,Stoper,Galler
122675,Kevin Wimmer,Tottenham,2015,Stoper,Avusturya
341049,Cameron Carter-Vickers,Tottenham,2015,Stoper,Amerika Birleşik Devletleri
50174,Danny Rose,Tottenham,2015,Sol Bek,İngiltere
95424,Kyle Walker,Tottenham,2015,Sağ Bek,İngiltere
95810,Kieran Trippier,Tottenham,2015,Sağ Bek,İngiltere
255916,DeAndre Yedlin,Tottenham,2015,Sağ Bek,Amerika Birleşik Devletleri
341051,Kyle Walker-Peters,Tottenham,2015,Sağ Bek,İngiltere
245537,Nabil Bentaleb,Tottenham,2015,Ön Libero,Cezayir
249126,Harry Winks,Tottenham,2015,Ön Libero,İngiltere
19368,Mousa Dembélé,Tottenham,2015,Merkez Orta Saha,Belçika
61834,Ryan Mason,Tottenham,2015,Merkez Orta Saha,İngiltere
121279,Tom Carroll,Tottenham,2015,Merkez Orta Saha,İngiltere
243589,Josh Onomah,Tottenham,2015,Merkez Orta Saha,İngiltere
283655,Grant Ward,Tottenham,2015,Merkez Orta Saha,İngiltere
69633,Christian Eriksen,Tottenham,2015,On Numara,Danimarka
207929,Dele Alli,Tottenham,2015,On Numara,İngiltere
200777,Alex Pritchard,Tottenham,2015,On Numara,İngiltere
91845,Heung-min Son,Tottenham,2015,Sol Kanat,Güney Kore
59631,Nacer Chadli,Tottenham,2015,Sol Kanat,Belçika
111630,Erik Lamela,Tottenham,2015,Sağ Kanat,Arjantin
241119,Clinton N'Jie,Tottenham,2015,Sağ Kanat,Kamerun
61842,Andros Townsend,Tottenham,2015,Sağ Kanat,İngiltere
132098,Harry Kane,Tottenham,2015,Santrafor,İngiltere
17965,Hugo Lloris,Tottenham,2016,Kaleci,Fransa
26276,Michel Vorm,Tottenham,2016,Kaleci,Hollanda
286415,Pau López,Tottenham,2016,Kaleci,İspanya
183301,Luke McGee,Tottenham,2016,Kaleci,İngiltere
282823,Alfie Whiteman,Tottenham,2016,Kaleci,İngiltere
42710,Toby Alderweireld,Tottenham,2016,Stoper,Belçika
43250,Jan Vertonghen,Tottenham,2016,Stoper,Belçika
175722,Eric Dier,Tottenham,2016,Stoper,İngiltere
192765,Ben Davies,Tottenham,2016,Stoper,Galler
45314,Federico Fazio,Tottenham,2016,Stoper,Arjantin
122675,Kevin Wimmer,Tottenham,2016,Stoper,Avusturya
341049,Cameron Carter-Vickers,Tottenham,2016,Stoper,Amerika Birleşik Devletleri
307763,Anton Walkes,Tottenham,2016,Stoper,İngiltere
50174,Danny Rose,Tottenham,2016,Sol Bek,İngiltere
95424,Kyle Walker,Tottenham,2016,Sağ Bek,İngiltere
95810,Kieran Trippier,Tottenham,2016,Sağ Bek,İngiltere
341051,Kyle Walker-Peters,Tottenham,2016,Sağ Bek,İngiltere
77760,Victor Wanyama,Tottenham,2016,Ön Libero,Kenya
245537,Nabil Bentaleb,Tottenham,2016,Ön Libero,Cezayir
249126,Harry Winks,Tottenham,2016,Ön Libero,İngiltere
186383,Filip Lesniak,Tottenham,2016,Ön Libero,Slovakya
46001,Moussa Sissoko,Tottenham,2016,Merkez Orta Saha,Fransa
19368,Mousa Dembélé,Tottenham,2016,Merkez Orta Saha,Belçika
61834,Ryan Mason,Tottenham,2016,Merkez Orta Saha,İngiltere
121279,Tom Carroll,Tottenham,2016,Merkez Orta Saha,İngiltere
243589,Josh Onomah,Tottenham,2016,Merkez Orta Saha,İngiltere
258912,Luke Amos,Tottenham,2016,Merkez Orta Saha,İngiltere
207929,Dele Alli,Tottenham,2016,On Numara,İngiltere
69633,Christian Eriksen,Tottenham,2016,On Numara,Danimarka
91845,Heung-min Son,Tottenham,2016,Sol Kanat,Güney Kore
215679,Georges-Kevin N'Koudou,Tottenham,2016,Sol Kanat,Kamerun
387313,Samuel Shashoua,Tottenham,2016,Sol Kanat,İngiltere
111630,Erik Lamela,Tottenham,2016,Sağ Kanat,Arjantin
241119,Clinton N'Jie,Tottenham,2016,Sağ Kanat,Kamerun
314367,Marcus Edwards,Tottenham,2016,Sağ Kanat,İngiltere
132098,Harry Kane,Tottenham,2016,Santrafor,İngiltere
207015,Vincent Janssen,Tottenham,2016,Santrafor,Hollanda
345739,Shayon Harrison,Tottenham,2016,Santrafor,İngiltere
17965,Hugo Lloris,Tottenham,2017,Kaleci,Fransa
26276,Michel Vorm,Tottenham,2017,Kaleci,Hollanda
195488,Paulo Gazzaniga,Tottenham,2017,Kaleci,Arjantin
282823,Alfie Whiteman,Tottenham,2017,Kaleci,İngiltere
42710,Toby Alderweireld,Tottenham,2017,Stoper,Belçika
341429,Davinson Sánchez,Tottenham,2017,Stoper,Kolombiya
175722,Eric Dier,Tottenham,2017,Stoper,İngiltere
43250,Jan Vertonghen,Tottenham,2017,Stoper,Belçika
192765,Ben Davies,Tottenham,2017,Stoper,Galler
122675,Kevin Wimmer,Tottenham,2017,Stoper,Avusturya
480763,Juan Foyth,Tottenham,2017,Stoper,Arjantin
341049,Cameron Carter-Vickers,Tottenham,2017,Stoper,Amerika Birleşik Devletleri
50174,Danny Rose,Tottenham,2017,Sol Bek,İngiltere
95810,Kieran Trippier,Tottenham,2017,Sağ Bek,İngiltere
127032,Serge Aurier,Tottenham,2017,Sağ Bek,Fildişi Sahili
341051,Kyle Walker-Peters,Tottenham,2017,Sağ Bek,İngiltere
77760,Victor Wanyama,Tottenham,2017,Ön Libero,Kenya
249126,Harry Winks,Tottenham,2017,Ön Libero,İngiltere
46001,Moussa Sissoko,Tottenham,2017,Merkez Orta Saha,Fransa
19368,Mousa Dembélé,Tottenham,2017,Merkez Orta Saha,Belçika
243589,Josh Onomah,Tottenham,2017,Merkez Orta Saha,İngiltere
258912,Luke Amos,Tottenham,2017,Merkez Orta Saha,İngiltere
406637,Tashan Oakley-Boothe,Tottenham,2017,Merkez Orta Saha,İngiltere
320913,Anthony Georgiou,Tottenham,2017,Orta Saha Sol,Kıbrıs
207929,Dele Alli,Tottenham,2017,On Numara,İngiltere
69633,Christian Eriksen,Tottenham,2017,On Numara,Danimarka
91845,Heung-min Son,Tottenham,2017,Sol Kanat,Güney Kore
215679,Georges-Kevin N'Koudou,Tottenham,2017,Sol Kanat,Kamerun
77100,Lucas Moura,Tottenham,2017,Sağ Kanat,Brezilya
111630,Erik Lamela,Tottenham,2017,Sağ Kanat,Arjantin
132098,Harry Kane,Tottenham,2017,Santrafor,İngiltere
207015,Vincent Janssen,Tottenham,2017,Santrafor,Hollanda
35564,Fernando Llorente,Tottenham,2017,Santrafor,İspanya
357397,Kazaiah Sterling,Tottenham,2017,Santrafor,İngiltere
17965,Hugo Lloris,Tottenham,2018,Kaleci,Fransa
195488,Paulo Gazzaniga,Tottenham,2018,Kaleci,Arjantin
26276,Michel Vorm,Tottenham,2018,Kaleci,Hollanda
282823,Alfie Whiteman,Tottenham,2018,Kaleci,İngiltere
341429,Davinson Sánchez,Tottenham,2018,Stoper,Kolombiya
42710,Toby Alderweireld,Tottenham,2018,Stoper,Belçika
175722,Eric Dier,Tottenham,2018,Stoper,İngiltere
43250,Jan Vertonghen,Tottenham,2018,Stoper,Belçika
192765,Ben Davies,Tottenham,2018,Stoper,Galler
480763,Juan Foyth,Tottenham,2018,Stoper,Arjantin
341049,Cameron Carter-Vickers,Tottenham,2018,Stoper,Amerika Birleşik Devletleri
406559,Timothy Eyoma,Tottenham,2018,Stoper,İngiltere
50174,Danny Rose,Tottenham,2018,Sol Bek,İngiltere
95810,Kieran Trippier,Tottenham,2018,Sağ Bek,İngiltere
127032,Serge Aurier,Tottenham,2018,Sağ Bek,Fildişi Sahili
341051,Kyle Walker-Peters,Tottenham,2018,Sağ Bek,İngiltere
249126,Harry Winks,Tottenham,2018,Ön Libero,İngiltere
77760,Victor Wanyama,Tottenham,2018,Ön Libero,Kenya
406638,Oliver Skipp,Tottenham,2018,Ön Libero,İngiltere
431424,George Marsh,Tottenham,2018,Ön Libero,İngiltere
46001,Moussa Sissoko,Tottenham,2018,Merkez Orta Saha,Fransa
19368,Mousa Dembélé,Tottenham,2018,Merkez Orta Saha,Belçika
243589,Josh Onomah,Tottenham,2018,Merkez Orta Saha,İngiltere
258912,Luke Amos,Tottenham,2018,Merkez Orta Saha,İngiltere
69633,Christian Eriksen,Tottenham,2018,On Numara,Danimarka
207929,Dele Alli,Tottenham,2018,On Numara,İngiltere
91845,Heung-min Son,Tottenham,2018,Sol Kanat,Güney Kore
215679,Georges-Kevin N'Koudou,Tottenham,2018,Sol Kanat,Kamerun
77100,Lucas Moura,Tottenham,2018,Sağ Kanat,Brezilya
111630,Erik Lamela,Tottenham,2018,Sağ Kanat,Arjantin
132098,Harry Kane,Tottenham,2018,Santrafor,İngiltere
207015,Vincent Janssen,Tottenham,2018,Santrafor,Hollanda
35564,Fernando Llorente,Tottenham,2018,Santrafor,İspanya
357397,Kazaiah Sterling,Tottenham,2018,Santrafor,İngiltere
17965,Hugo Lloris,Tottenham,2019,Kaleci,Fransa
195488,Paulo Gazzaniga,Tottenham,2019,Kaleci,Arjantin
26276,Michel Vorm,Tottenham,2019,Kaleci,Hollanda
428016,Brandon Austin,Tottenham,2019,Kaleci,İngiltere
282823,Alfie Whiteman,Tottenham,2019,Kaleci,İngiltere
341429,Davinson Sánchez,Tottenham,2019,Stoper,Kolombiya
42710,Toby Alderweireld,Tottenham,2019,Stoper,Belçika
175722,Eric Dier,Tottenham,2019,Stoper,İngiltere
192765,Ben Davies,Tottenham,2019,Stoper,Galler
43250,Jan Vertonghen,Tottenham,2019,Stoper,Belçika
480763,Juan Foyth,Tottenham,2019,Stoper,Arjantin
346478,Japhet Tanganga,Tottenham,2019,Stoper,İngiltere
341049,Cameron Carter-Vickers,Tottenham,2019,Stoper,Amerika Birleşik Devletleri
554173,Malachi Fagan-Walcott,Tottenham,2019,Stoper,İngiltere
392775,Ryan Sessegnon,Tottenham,2019,Sol Bek,İngiltere
50174,Danny Rose,Tottenham,2019,Sol Bek,İngiltere
568006,Dennis Cirkin,Tottenham,2019,Sol Bek,Letonya
127032,Serge Aurier,Tottenham,2019,Sağ Bek,Fildişi Sahili
341051,Kyle Walker-Peters,Tottenham,2019,Sağ Bek,İngiltere
249126,Harry Winks,Tottenham,2019,Ön Libero,İngiltere
406638,Oliver Skipp,Tottenham,2019,Ön Libero,İngiltere
77760,Victor Wanyama,Tottenham,2019,Ön Libero,Kenya
581598,Harvey White,Tottenham,2019,Ön Libero,İngiltere
450936,Tanguy Ndombélé,Tottenham,2019,Merkez Orta Saha,Fransa
46001,Moussa Sissoko,Tottenham,2019,Merkez Orta Saha,Fransa
337800,Gedson Fernandes,Tottenham,2019,Merkez Orta Saha,Portekiz
69633,Christian Eriksen,Tottenham,2019,On Numara,Danimarka
207929,Dele Alli,Tottenham,2019,On Numara,İngiltere
348795,Giovani Lo Celso,Tottenham,2019,On Numara,Arjantin
91845,Heung-min Son,Tottenham,2019,Sol Kanat,Güney Kore
284165,Steven Bergwijn,Tottenham,2019,Sol Kanat,Hollanda
215679,Georges-Kevin N'Koudou,Tottenham,2019,Sol Kanat,Kamerun
77100,Lucas Moura,Tottenham,2019,Sağ Kanat,Brezilya
111630,Erik Lamela,Tottenham,2019,Sağ Kanat,Arjantin
132098,Harry Kane,Tottenham,2019,Santrafor,İngiltere
552655,Troy Parrott,Tottenham,2019,Santrafor,İrlanda
17965,Hugo Lloris,Tottenham,2020,Kaleci,Fransa
195488,Paulo Gazzaniga,Tottenham,2020,Kaleci,Arjantin
40204,Joe Hart,Tottenham,2020,Kaleci,İngiltere
282823,Alfie Whiteman,Tottenham,2020,Kaleci,İngiltere
428016,Brandon Austin,Tottenham,2020,Kaleci,İngiltere
341429,Davinson Sánchez,Tottenham,2020,Stoper,Kolombiya
175722,Eric Dier,Tottenham,2020,Stoper,İngiltere
192765,Ben Davies,Tottenham,2020,Stoper,Galler
42710,Toby Alderweireld,Tottenham,2020,Stoper,Belçika
297212,Joe Rodon,Tottenham,2020,Stoper,Galler
346478,Japhet Tanganga,Tottenham,2020,Stoper,İngiltere
341049,Cameron Carter-Vickers,Tottenham,2020,Stoper,Amerika Birleşik Devletleri
282429,Sergio Reguilón,Tottenham,2020,Sol Bek,İspanya
392775,Ryan Sessegnon,Tottenham,2020,Sol Bek,İngiltere
50174,Danny Rose,Tottenham,2020,Sol Bek,İngiltere
568006,Dennis Cirkin,Tottenham,2020,Sol Bek,Letonya
127032,Serge Aurier,Tottenham,2020,Sağ Bek,Fildişi Sahili
171679,Matt Doherty,Tottenham,2020,Sağ Bek,İrlanda
392772,Marcel Lavinier,Tottenham,2020,Sağ Bek,Portekiz
167799,Pierre-Emile Højbjerg,Tottenham,2020,Ön Libero,Danimarka
249126,Harry Winks,Tottenham,2020,Ön Libero,İngiltere
406638,Oliver Skipp,Tottenham,2020,Ön Libero,İngiltere
581598,Harvey White,Tottenham,2020,Ön Libero,İngiltere
504051,Jamie Bowden,Tottenham,2020,Ön Libero,İrlanda
450936,Tanguy Ndombélé,Tottenham,2020,Merkez Orta Saha,Fransa
337800,Gedson Fernandes,Tottenham,2020,Merkez Orta Saha,Portekiz
46001,Moussa Sissoko,Tottenham,2020,Merkez Orta Saha,Fransa
581683,Nile John,Tottenham,2020,Merkez Orta Saha,İngiltere
207929,Dele Alli,Tottenham,2020,On Numara,İngiltere
348795,Giovani Lo Celso,Tottenham,2020,On Numara,Arjantin
728734,Alfie Devine,Tottenham,2020,On Numara,İngiltere
91845,Heung-min Son,Tottenham,2020,Sol Kanat,Güney Kore
284165,Steven Bergwijn,Tottenham,2020,Sol Kanat,Hollanda
559794,Jack Clarke,Tottenham,2020,Sol Kanat,İngiltere
77100,Lucas Moura,Tottenham,2020,Sağ Kanat,Brezilya
39381,Gareth Bale,Tottenham,2020,Sağ Kanat,Galler
111630,Erik Lamela,Tottenham,2020,Sağ Kanat,Arjantin
530807,Dilan Markanday,Tottenham,2020,Sağ Kanat,İngiltere
132098,Harry Kane,Tottenham,2020,Santrafor,İngiltere
525287,Carlos Vinícius,Tottenham,2020,Santrafor,Brezilya
670883,Dane Scarlett,Tottenham,2020,Santrafor,İngiltere
244192,Pierluigi Gollini,Tottenham,2021,Kaleci,İtalya
17965,Hugo Lloris,Tottenham,2021,Kaleci,Fransa
428016,Brandon Austin,Tottenham,2021,Kaleci,İngiltere
355915,Cristian Romero,Tottenham,2021,Stoper,Arjantin
341429,Davinson Sánchez,Tottenham,2021,Stoper,Kolombiya
175722,Eric Dier,Tottenham,2021,Stoper,İngiltere
192765,Ben Davies,Tottenham,2021,Stoper,Galler
346478,Japhet Tanganga,Tottenham,2021,Stoper,İngiltere
297212,Joe Rodon,Tottenham,2021,Stoper,Galler
341049,Cameron Carter-Vickers,Tottenham,2021,Stoper,Amerika Birleşik Devletleri
488298,Maksim Paskotsi,Tottenham,2021,Stoper,Estonya
554173,Malachi Fagan-Walcott,Tottenham,2021,Stoper,İngiltere
503687,Tobi Omole,Tottenham,2021,Stoper,İngiltere
282429,Sergio Reguilón,Tottenham,2021,Sol Bek,İspanya
392775,Ryan Sessegnon,Tottenham,2021,Sol Bek,İngiltere
476344,Emerson Royal,Tottenham,2021,Sağ Bek,Brezilya
171679,Matt Doherty,Tottenham,2021,Sağ Bek,İrlanda
392772,Marcel Lavinier,Tottenham,2021,Sağ Bek,Portekiz
462698,Brooklyn Lyons-Foster,Tottenham,2021,Sağ Bek,İngiltere
167799,Pierre-Emile Højbjerg,Tottenham,2021,Ön Libero,Danimarka
354362,Rodrigo Bentancur,Tottenham,2021,Ön Libero,Uruguay
406638,Oliver Skipp,Tottenham,2021,Ön Libero,İngiltere
249126,Harry Winks,Tottenham,2021,Ön Libero,İngiltere
581598,Harvey White,Tottenham,2021,Ön Libero,İngiltere
696183,Kallum Cesay,Tottenham,2021,Ön Libero,Sierra Leone
633659,Matthew Craig,Tottenham,2021,Ön Libero,İskoçya
633621,Michael Craig,Tottenham,2021,Ön Libero,İskoçya
504051,Jamie Bowden,Tottenham,2021,Ön Libero,İrlanda
450936,Tanguy Ndombélé,Tottenham,2021,Merkez Orta Saha,Fransa
46001,Moussa Sissoko,Tottenham,2021,Merkez Orta Saha,Fransa
581683,Nile John,Tottenham,2021,Merkez Orta Saha,İngiltere
431755,Dejan Kulusevski,Tottenham,2021,On Numara,İsveç
348795,Giovani Lo Celso,Tottenham,2021,On Numara,Arjantin
207929,Dele Alli,Tottenham,2021,On Numara,İngiltere
728734,Alfie Devine,Tottenham,2021,On Numara,İngiltere
91845,Heung-min Son,Tottenham,2021,Sol Kanat,Güney Kore
537382,Bryan Gil,Tottenham,2021,Sol Kanat,İspanya
284165,Steven Bergwijn,Tottenham,2021,Sol Kanat,Hollanda
559794,Jack Clarke,Tottenham,2021,Sol Kanat,İngiltere
696181,Romaine Mundle,Tottenham,2021,Sol Kanat,İngiltere
554174,J'Neil Bennett,Tottenham,2021,Sol Kanat,İngiltere
77100,Lucas Moura,Tottenham,2021,Sağ Kanat,Brezilya
530807,Dilan Markanday,Tottenham,2021,Sağ Kanat,İngiltere
132098,Harry Kane,Tottenham,2021,Santrafor,İngiltere
670883,Dane Scarlett,Tottenham,2021,Santrafor,İngiltere
17965,Hugo Lloris,Tottenham,2022,Kaleci,Fransa
52570,Fraser Forster,Tottenham,2022,Kaleci,İngiltere
282823,Alfie Whiteman,Tottenham,2022,Kaleci,İngiltere
428016,Brandon Austin,Tottenham,2022,Kaleci,İngiltere
355915,Cristian Romero,Tottenham,2022,Stoper,Arjantin
175722,Eric Dier,Tottenham,2022,Stoper,İngiltere
341429,Davinson Sánchez,Tottenham,2022,Stoper,Kolombiya
192765,Ben Davies,Tottenham,2022,Stoper,Galler
182904,Clément Lenglet,Tottenham,2022,Stoper,Fransa
346478,Japhet Tanganga,Tottenham,2022,Stoper,İngiltere
392775,Ryan Sessegnon,Tottenham,2022,Sol Bek,İngiltere
553875,Pedro Porro,Tottenham,2022,Sağ Bek,İspanya
476344,Emerson Royal,Tottenham,2022,Sağ Bek,Brezilya
483348,Djed Spence,Tottenham,2022,Sağ Bek,İngiltere
171679,Matt Doherty,Tottenham,2022,Sağ Bek,İrlanda
167799,Pierre-Emile Højbjerg,Tottenham,2022,Ön Libero,Danimarka
354362,Rodrigo Bentancur,Tottenham,2022,Ön Libero,Uruguay
410425,Yves Bissouma,Tottenham,2022,Ön Libero,Mali
406638,Oliver Skipp,Tottenham,2022,Ön Libero,İngiltere
581598,Harvey White,Tottenham,2022,Ön Libero,İngiltere
633659,Matthew Craig,Tottenham,2022,Ön Libero,İskoçya
907215,George Abbott,Tottenham,2022,Ön Libero,İngiltere
568693,Pape Matar Sarr,Tottenham,2022,Merkez Orta Saha,Senegal
431755,Dejan Kulusevski,Tottenham,2022,On Numara,İsveç
728734,Alfie Devine,Tottenham,2022,On Numara,İngiltere
91845,Heung-min Son,Tottenham,2022,Sol Kanat,Güney Kore
355861,Arnaut Danjuma,Tottenham,2022,Sol Kanat,Hollanda
537382,Bryan Gil,Tottenham,2022,Sol Kanat,İspanya
42460,Ivan Perišić,Tottenham,2022,Sol Kanat,Hırvatistan
696181,Romaine Mundle,Tottenham,2022,Sol Kanat,İngiltere
706947,Yago Santiago,Tottenham,2022,Sol Kanat,İspanya
77100,Lucas Moura,Tottenham,2022,Sağ Kanat,Brezilya
132098,Harry Kane,Tottenham,2022,Santrafor,İngiltere
378710,Richarlison,Tottenham,2022,Santrafor,Brezilya
286047,Guglielmo Vicario,Tottenham,2023,Kaleci,İtalya
17965,Hugo Lloris,Tottenham,2023,Kaleci,Fransa
52570,Fraser Forster,Tottenham,2023,Kaleci,İngiltere
428016,Brandon Austin,Tottenham,2023,Kaleci,İngiltere
282823,Alfie Whiteman,Tottenham,2023,Kaleci,İngiltere
355915,Cristian Romero,Tottenham,2023,Stoper,Arjantin
557459,Micky van de Ven,Tottenham,2023,Stoper,Hollanda
568559,Radu Drăgușin,Tottenham,2023,Stoper,Romanya
341429,Davinson Sánchez,Tottenham,2023,Stoper,Kolombiya
175722,Eric Dier,Tottenham,2023,Stoper,İngiltere
192765,Ben Davies,Tottenham,2023,Stoper,Galler
297212,Joe Rodon,Tottenham,2023,Stoper,Galler
859951,Ashley Phillips,Tottenham,2023,Stoper,İngiltere
346478,Japhet Tanganga,Tottenham,2023,Stoper,İngiltere
796300,Alfie Dorrington,Tottenham,2023,Stoper,İngiltere
556385,Destiny Udogie,Tottenham,2023,Sol Bek,İtalya
282429,Sergio Reguilón,Tottenham,2023,Sol Bek,İspanya
392775,Ryan Sessegnon,Tottenham,2023,Sol Bek,İngiltere
553875,Pedro Porro,Tottenham,2023,Sağ Bek,İspanya
476344,Emerson Royal,Tottenham,2023,Sağ Bek,Brezilya
410425,Yves Bissouma,Tottenham,2023,Ön Libero,Mali
354362,Rodrigo Bentancur,Tottenham,2023,Ön Libero,Uruguay
167799,Pierre-Emile Højbjerg,Tottenham,2023,Ön Libero,Danimarka
406638,Oliver Skipp,Tottenham,2023,Ön Libero,İngiltere
568693,Pape Matar Sarr,Tottenham,2023,Merkez Orta Saha,Senegal
965971,Tyrese Hall,Tottenham,2023,Merkez Orta Saha,Jamaika
294057,James Maddison,Tottenham,2023,On Numara,İngiltere
431755,Dejan Kulusevski,Tottenham,2023,On Numara,İsveç
348795,Giovani Lo Celso,Tottenham,2023,On Numara,Arjantin
796305,Jamie Donley,Tottenham,2023,On Numara,Kuzey İrlanda
91845,Heung-min Son,Tottenham,2023,Sol Kanat,Güney Kore
537382,Bryan Gil,Tottenham,2023,Sol Kanat,İspanya
396638,Manor Solomon,Tottenham,2023,Sol Kanat,İsrail
42460,Ivan Perišić,Tottenham,2023,Sol Kanat,Hırvatistan
706947,Yago Santiago,Tottenham,2023,Sol Kanat,İspanya
1011147,Mikey Moore,Tottenham,2023,Sol Kanat,İngiltere
470607,Brennan Johnson,Tottenham,2023,Sağ Kanat,Galler
378710,Richarlison,Tottenham,2023,Santrafor,Brezilya
170527,Timo Werner,Tottenham,2023,Santrafor,Almanya
888493,Alejo Veliz,Tottenham,2023,Santrafor,Arjantin
670883,Dane Scarlett,Tottenham,2023,Santrafor,İngiltere
286047,Guglielmo Vicario,Tottenham,2024,Kaleci,İtalya
725912,Antonín Kinský,Tottenham,2024,Kaleci,Çek Cumhuriyeti
52570,Fraser Forster,Tottenham,2024,Kaleci,İngiltere
428016,Brandon Austin,Tottenham,2024,Kaleci,İngiltere
282823,Alfie Whiteman,Tottenham,2024,Kaleci,İngiltere
355915,Cristian Romero,Tottenham,2024,Stoper,Arjantin
557459,Micky van de Ven,Tottenham,2024,Stoper,Hollanda
263236,Kevin Danso,Tottenham,2024,Stoper,Avusturya
568559,Radu Drăgușin,Tottenham,2024,Stoper,Romanya
192765,Ben Davies,Tottenham,2024,Stoper,Galler
556385,Destiny Udogie,Tottenham,2024,Sol Bek,İtalya
282429,Sergio Reguilón,Tottenham,2024,Sol Bek,İspanya
553875,Pedro Porro,Tottenham,2024,Sağ Bek,İspanya
483348,Djed Spence,Tottenham,2024,Sağ Bek,İngiltere
922693,Archie Gray,Tottenham,2024,Ön Libero,İngiltere
354362,Rodrigo Bentancur,Tottenham,2024,Ön Libero,Uruguay
410425,Yves Bissouma,Tottenham,2024,Ön Libero,Mali
866246,Lucas Bergvall,Tottenham,2024,Merkez Orta Saha,İsveç
568693,Pape Matar Sarr,Tottenham,2024,Merkez Orta Saha,Senegal
431755,Dejan Kulusevski,Tottenham,2024,On Numara,İsveç
294057,James Maddison,Tottenham,2024,On Numara,İngiltere
91845,Heung-min Son,Tottenham,2024,Sol Kanat,Güney Kore
743498,Wilson Odobert,Tottenham,2024,Sol Kanat,Fransa
1011147,Mikey Moore,Tottenham,2024,Sol Kanat,İngiltere
470607,Brennan Johnson,Tottenham,2024,Sağ Kanat,Galler
1004327,Min-hyeok Yang,Tottenham,2024,Sağ Kanat,Güney Kore
258889,Dominic Solanke,Tottenham,2024,Santrafor,İngiltere
801734,Mathys Tel,Tottenham,2024,Santrafor,Fransa
378710,Richarlison,Tottenham,2024,Santrafor,Brezilya
170527,Timo Werner,Tottenham,2024,Santrafor,Almanya
670883,Dane Scarlett,Tottenham,2024,Santrafor,İngiltere
286047,Guglielmo Vicario,Tottenham,2025,Kaleci,İtalya
725912,Antonín Kinský,Tottenham,2025,Kaleci,Çek Cumhuriyeti
428016,Brandon Austin,Tottenham,2025,Kaleci,İngiltere
557459,Micky van de Ven,Tottenham,2025,Stoper,Hollanda
355915,Cristian Romero,Tottenham,2025,Stoper,Arjantin
263236,Kevin Danso,Tottenham,2025,Stoper,Avusturya
568559,Radu Drăgușin,Tottenham,2025,Stoper,Romanya
859951,Ashley Phillips,Tottenham,2025,Stoper,İngiltere
671108,Kota Takai,Tottenham,2025,Stoper,Japonya
192765,Ben Davies,Tottenham,2025,Stoper,Galler
556385,Destiny Udogie,Tottenham,2025,Sol Bek,İtalya
1086258,Souza,Tottenham,2025,Sol Bek,Brezilya
553875,Pedro Porro,Tottenham,2025,Sağ Bek,İspanya
483348,Djed Spence,Tottenham,2025,Sağ Bek,İngiltere
922693,Archie Gray,Tottenham,2025,Ön Libero,İngiltere
354362,Rodrigo Bentancur,Tottenham,2025,Ön Libero,Uruguay
257455,João Palhinha,Tottenham,2025,Ön Libero,Portekiz
410425,Yves Bissouma,Tottenham,2025,Ön Libero,Mali
866246,Lucas Bergvall,Tottenham,2025,Merkez Orta Saha,İsveç
488362,Conor Gallagher,Tottenham,2025,Merkez Orta Saha,İngiltere
568693,Pape Matar Sarr,Tottenham,2025,Merkez Orta Saha,Senegal
566931,Xavi Simons,Tottenham,2025,On Numara,Hollanda
294057,James Maddison,Tottenham,2025,On Numara,İngiltere
431755,Dejan Kulusevski,Tottenham,2025,On Numara,İsveç
743498,Wilson Odobert,Tottenham,2025,Sol Kanat,Fransa
396638,Manor Solomon,Tottenham,2025,Sol Kanat,İsrail
543499,Mohammed Kudus,Tottenham,2025,Sağ Kanat,Gana
258889,Dominic Solanke,Tottenham,2025,Santrafor,İngiltere
378710,Richarlison,Tottenham,2025,Santrafor,Brezilya
801734,Mathys Tel,Tottenham,2025,Santrafor,Fransa
487969,Randal Kolo Muani,Tottenham,2025,Santrafor,Fransa
670883,Dane Scarlett,Tottenham,2025,Santrafor,İngiltere
